leaves,trees,FP_type,learn_rate,state,accuracy_train,accuracy_test,actual_test_size
6,400,1,0.2,2,0.9242,0.4649,0.2258
10,700,1,0.12,1,0.9203,0.4662,0.186
8,200,1,0.04,1,0.8294,0.4721,0.186
6,100,1,0.14,1,0.871,0.4827,0.186
6,900,1,0.08,1,0.9199,0.4433,0.186
10,1400,1,0.02,3,0.9038,0.4318,0.2114
6,100,1,0.1,2,0.8452,0.3945,0.2258
8,100,1,0.1,3,0.8481,0.4602,0.2114
6,700,1,0.1,2,0.9226,0.4914,0.2258
10,100,1,0.14,3,0.869,0.3566,0.2114
4,20,1,0.6,3,0.8504,0.3179,0.2114
8,400,1,0.4,3,0.929,0.4253,0.2114
8,300,1,0.14,2,0.9149,0.4655,0.2258
6,100,1,0.14,2,0.8717,0.3627,0.2258
10,800,1,0.12,2,0.9244,0.4889,0.2258
4,300,1,0.02,1,0.8126,0.4955,0.186
8,20,1,0.06,2,0.5936,0.273,0.2258
10,1200,1,0.04,2,0.9165,0.512,0.2258
6,500,1,0.02,1,0.8468,0.4692,0.186
8,500,1,0.14,1,0.9188,0.4281,0.186
10,1000,1,0.2,1,0.9255,0.436,0.186
4,100,1,0.04,2,0.7782,0.3999,0.2258
8,100,1,0.06,3,0.8126,0.4009,0.2114
8,300,1,0.02,2,0.808,0.4186,0.2258
8,600,1,0.06,2,0.9107,0.4767,0.2258
4,200,1,0.12,2,0.9001,0.461,0.2258
10,800,1,0.12,2,0.9244,0.4889,0.2258
4,800,1,0.8,1,0.9279,0.1694,0.186
4,20,1,0.4,3,0.8265,0.3372,0.2114
6,900,1,0.1,2,0.9251,0.4923,0.2258
8,60,1,0.04,1,0.7312,0.4461,0.186
4,600,1,0.14,3,0.9257,0.4568,0.2114
10,100,1,0.08,2,0.8246,0.4471,0.2258
6,200,1,0.04,3,0.8316,0.4307,0.2114
10,600,1,0.6,1,0.9272,0.4172,0.186
8,300,1,0.6,3,0.9293,0.2792,0.2114
10,600,1,0.14,1,0.92,0.4904,0.186
8,300,1,0.2,2,0.9198,0.4146,0.2258
4,600,1,0.04,3,0.8992,0.4267,0.2114
8,200,1,0.2,2,0.9127,0.4016,0.2258
6,300,1,0.1,1,0.9035,0.4811,0.186
6,1200,1,0.14,2,0.9287,0.4373,0.2258
4,1400,1,0.4,2,0.9313,0.4727,0.2258
8,20,1,0.8,2,0.8684,0.2259,0.2258
4,1000,1,0.02,3,0.8912,0.4609,0.2114
10,1200,1,0.6,1,0.9279,0.4191,0.186
4,1200,1,0.06,3,0.9243,0.3282,0.2114
10,1400,1,0.06,3,0.9245,0.4277,0.2114
8,200,1,0.14,1,0.8999,0.4333,0.186
8,300,1,0.04,2,0.8612,0.4586,0.2258
8,100,1,0.6,2,0.92,0.432,0.2258
10,400,1,0.6,3,0.9302,0.0223,0.2114
6,400,1,0.12,3,0.9181,0.3801,0.2114
10,700,1,0.8,1,0.9277,0.1297,0.186
6,500,1,0.2,1,0.923,0.4887,0.186
4,1400,1,0.14,3,0.9301,0.4472,0.2114
6,60,1,0.02,3,0.6039,0.2979,0.2114
6,700,1,0.02,1,0.8712,0.48,0.186
8,100,1,0.2,1,0.8868,0.4643,0.186
6,900,1,0.02,2,0.8866,0.4759,0.2258
10,900,1,0.06,2,0.9184,0.5023,0.2258
4,400,1,0.1,2,0.913,0.4996,0.2258
6,800,1,0.02,2,0.8806,0.4719,0.2258
8,500,1,0.08,3,0.9144,0.4327,0.2114
10,800,1,0.8,2,0.9313,0.319,0.2258
8,20,1,0.08,2,0.6433,0.2831,0.2258
10,600,1,0.2,2,0.9259,0.467,0.2258
10,800,1,0.6,2,0.9311,0.525,0.2258
10,20,1,0.2,2,0.7776,0.3881,0.2258
10,60,1,0.6,1,0.907,0.4034,0.186
10,500,1,0.06,2,0.9067,0.4935,0.2258
6,1000,1,0.4,1,0.9274,0.4406,0.186
6,1000,1,0.4,1,0.9274,0.4406,0.186
8,400,1,0.2,3,0.9244,0.4614,0.2114
4,500,1,0.4,1,0.9265,0.396,0.186
10,600,1,0.12,1,0.9179,0.4667,0.186
10,200,1,0.6,3,0.9275,0.0217,0.2114
8,20,1,0.04,2,0.4809,0.2106,0.2258
10,1000,1,0.6,2,0.9313,0.5237,0.2258
6,1000,1,0.1,3,0.9269,0.415,0.2114
8,400,1,0.8,2,0.9306,0.2253,0.2258
4,20,1,0.04,2,0.4759,0.2224,0.2258
8,1000,1,0.6,1,0.9278,0.3891,0.186
8,200,1,0.06,2,0.8597,0.4481,0.2258
8,500,1,0.14,3,0.9237,0.4226,0.2114
4,200,1,0.14,1,0.9003,0.4843,0.186
6,500,1,0.08,3,0.9152,0.4559,0.2114
4,1200,1,0.04,3,0.9182,0.4132,0.2114
10,200,1,0.2,2,0.9125,0.4534,0.2258
4,900,1,0.06,3,0.9209,0.3268,0.2114
8,20,1,0.12,2,0.7237,0.3618,0.2258
4,500,1,0.2,3,0.927,0.3511,0.2114
6,800,1,0.04,1,0.9058,0.4782,0.186
10,1200,1,0.4,1,0.9275,0.4167,0.186
8,800,1,0.4,2,0.9307,0.5,0.2258
4,900,1,0.06,1,0.9159,0.506,0.186
6,500,1,0.06,3,0.9072,0.4145,0.2114
8,800,1,0.4,3,0.9308,0.4276,0.2114
10,20,1,0.02,1,0.3206,0.2126,0.186
6,800,1,0.4,2,0.9307,0.3579,0.2258
10,200,2,0.2,3,0.9161,0.5502,0.2114
4,200,2,0.06,3,0.8674,0.4973,0.2114
6,200,2,0.06,2,0.8647,0.4504,0.2258
8,700,2,0.6,3,0.9316,0.4168,0.2114
8,200,2,0.04,2,0.8321,0.464,0.2258
6,400,2,0.14,3,0.9221,0.5054,0.2114
4,1000,2,0.04,3,0.9177,0.4945,0.2114
10,200,2,0.4,2,0.9243,0.4232,0.2258
4,1200,2,0.02,3,0.9031,0.5127,0.2114
10,200,2,0.4,2,0.9243,0.4232,0.2258
6,700,2,0.02,3,0.8777,0.4954,0.2114
6,700,2,0.1,1,0.9198,0.5404,0.186
10,400,2,0.14,1,0.916,0.5059,0.186
10,1000,2,0.12,3,0.9275,0.5642,0.2114
8,100,2,0.8,1,0.9208,0.1096,0.186
10,1200,2,0.12,2,0.928,0.5394,0.2258
6,500,2,0.6,1,0.9274,0.5083,0.186
10,900,2,0.14,3,0.9277,0.4574,0.2114
10,1200,2,0.02,1,0.8981,0.512,0.186
4,200,2,0.08,2,0.8824,0.4335,0.2258
6,700,2,0.6,2,0.9313,0.377,0.2258
4,600,2,0.02,1,0.8623,0.4816,0.186
4,100,2,0.08,2,0.833,0.4029,0.2258
6,500,2,0.02,3,0.8551,0.4812,0.2114
4,400,2,0.8,3,0.9315,0.3738,0.2114
6,600,2,0.4,3,0.9309,0.4888,0.2114
10,500,2,0.4,2,0.9296,0.4355,0.2258
10,900,2,0.14,1,0.9234,0.5184,0.186
8,900,2,0.6,2,0.9314,0.4231,0.2258
10,1000,2,0.02,2,0.8935,0.4798,0.2258
10,60,2,0.6,3,0.9149,0.3824,0.2114
8,1200,2,0.12,2,0.9282,0.5151,0.2258
10,500,2,0.04,1,0.8914,0.4953,0.186
8,1000,2,0.12,3,0.9281,0.4489,0.2114
8,100,2,0.2,1,0.8896,0.4944,0.186
8,500,2,0.08,1,0.9114,0.5532,0.186
8,100,2,0.02,1,0.7091,0.447,0.186
6,500,2,0.2,3,0.9279,0.4781,0.2114
8,400,2,0.8,2,0.931,0.2656,0.2258
10,300,2,0.6,3,0.9297,0.3904,0.2114
8,400,2,0.12,3,0.9197,0.458,0.2114
4,800,2,0.12,1,0.9231,0.5368,0.186
6,1000,2,0.04,1,0.9119,0.5403,0.186
4,800,2,0.04,2,0.9091,0.5263,0.2258
10,1200,2,0.6,3,0.9318,0.3952,0.2114
8,800,2,0.02,1,0.8813,0.4883,0.186
8,1400,2,0.2,3,0.931,0.452,0.2114
4,60,2,0.06,3,0.7855,0.4421,0.2114
4,300,2,0.8,2,0.9309,0.3249,0.2258
10,20,2,0.04,2,0.4929,0.2547,0.2258
8,200,2,0.6,3,0.9281,0.4087,0.2114
4,60,2,0.04,2,0.7345,0.4216,0.2258
10,900,2,0.2,1,0.9253,0.5167,0.186
6,400,2,0.2,2,0.9249,0.5204,0.2258
4,20,2,0.04,1,0.5027,0.3282,0.186
6,900,2,0.4,3,0.9315,0.4862,0.2114
10,700,2,0.02,1,0.8734,0.494,0.186
8,20,2,0.1,2,0.7025,0.3562,0.2258
4,20,2,0.4,3,0.8339,0.3447,0.2114
8,60,2,0.12,2,0.8249,0.4488,0.2258
8,1000,2,0.02,3,0.896,0.518,0.2114
4,200,2,0.12,3,0.9019,0.5207,0.2114
8,1000,2,0.2,1,0.9261,0.5302,0.186
4,1000,2,0.2,3,0.9306,0.4499,0.2114
8,1400,2,0.04,1,0.9169,0.518,0.186
10,800,2,0.2,1,0.9247,0.5154,0.186
6,800,2,0.2,1,0.9257,0.5087,0.186
10,200,2,0.08,1,0.8813,0.5119,0.186
4,300,2,0.02,3,0.8207,0.4732,0.2114
10,900,2,0.1,3,0.9261,0.4971,0.2114
6,500,2,0.04,2,0.8938,0.5023,0.2258
10,400,2,0.12,3,0.9194,0.5681,0.2114
4,900,2,0.04,2,0.9117,0.5289,0.2258
8,500,2,0.2,3,0.9274,0.4458,0.2114
4,600,2,0.1,1,0.9187,0.5266,0.186
8,1200,2,0.02,3,0.9027,0.5178,0.2114
4,100,2,0.6,1,0.9198,0.4532,0.186
10,1400,2,0.1,2,0.9275,0.5341,0.2258
6,1000,2,0.8,3,0.9319,0.3985,0.2114
4,400,2,0.02,1,0.8357,0.4765,0.186
8,1200,2,0.12,1,0.9247,0.5413,0.186
8,400,2,0.08,3,0.9119,0.5155,0.2114
4,900,2,0.1,2,0.9259,0.5307,0.2258
10,300,2,0.8,1,0.9266,0.4969,0.186
4,1200,2,0.04,3,0.921,0.4943,0.2114
6,700,2,0.08,2,0.9202,0.488,0.2258
6,1400,2,0.4,3,0.9318,0.4856,0.2114
10,400,2,0.6,3,0.9307,0.3938,0.2114
8,60,2,0.06,3,0.7851,0.413,0.2114
4,100,2,0.2,3,0.8951,0.4579,0.2114
10,400,2,0.12,2,0.9172,0.5182,0.2258
8,100,2,0.14,3,0.8784,0.513,0.2114
8,400,2,0.14,3,0.9223,0.5199,0.2114
10,900,2,0.06,1,0.9157,0.5422,0.186
4,900,2,0.14,2,0.9284,0.5579,0.2258
8,60,2,0.1,2,0.8142,0.4051,0.2258
10,1400,2,0.08,2,0.9263,0.5096,0.2258
6,700,2,0.4,2,0.931,0.5116,0.2258
4,700,2,0.1,3,0.9251,0.5256,0.2114
10,200,2,0.4,1,0.9207,0.5603,0.186
6,300,3,0.02,2,0.731,0.473,0.2258
4,500,3,0.06,1,0.8515,0.4747,0.186
10,20,3,0.08,3,0.6106,0.3667,0.2114
10,900,3,0.08,2,0.8597,0.5623,0.2258
6,500,3,0.8,1,0.9017,0.253,0.186
10,600,3,0.14,2,0.8644,0.4674,0.2258
10,400,3,0.08,2,0.8367,0.5627,0.2258
8,1200,3,0.1,2,0.8682,0.5177,0.2258
4,1000,3,0.4,3,0.9037,0.3108,0.2114
4,900,3,0.06,1,0.8721,0.4552,0.186
10,300,3,0.1,3,0.8571,0.4572,0.2114
10,400,3,0.14,1,0.8719,0.4173,0.186
8,800,3,0.1,2,0.863,0.5283,0.2258
8,500,3,0.08,1,0.8648,0.4619,0.186
4,20,3,0.06,3,0.5541,0.3214,0.2114
4,20,3,0.6,2,0.7754,0.4607,0.2258
4,400,3,0.2,3,0.8874,0.4268,0.2114
8,1400,3,0.8,2,0.892,0.2742,0.2258
8,900,3,0.2,3,0.895,0.3666,0.2114
6,1000,3,0.12,3,0.8929,0.3894,0.2114
6,200,3,0.1,2,0.8115,0.5224,0.2258
6,900,3,0.02,3,0.8316,0.4928,0.2114
6,400,3,0.14,1,0.8738,0.4994,0.186
10,60,3,0.2,3,0.7981,0.4601,0.2114
6,900,3,0.08,1,0.8799,0.4541,0.186
6,1000,3,0.1,3,0.8889,0.4134,0.2114
10,1000,3,0.1,1,0.8817,0.4063,0.186
10,700,3,0.4,2,0.8818,0.4398,0.2258
10,900,3,0.02,1,0.8255,0.5047,0.186
8,1200,3,0.06,1,0.8779,0.4667,0.186
4,1400,3,0.2,3,0.9002,0.3517,0.2114
10,400,3,0.1,3,0.8687,0.4414,0.2114
6,900,3,0.02,1,0.8279,0.488,0.186
6,60,3,0.2,2,0.7765,0.4908,0.2258
10,20,3,0.8,3,0.8177,0.2315,0.2114
6,800,3,0.04,1,0.8552,0.4556,0.186
6,400,3,0.02,2,0.7487,0.4864,0.2258
4,500,3,0.2,2,0.8698,0.5175,0.2258
6,600,3,0.1,1,0.8743,0.4531,0.186
4,700,3,0.8,2,0.8902,0.3092,0.2258
10,60,3,0.6,2,0.8417,0.4743,0.2258
6,300,3,0.06,1,0.8271,0.5118,0.186
8,1200,3,0.1,1,0.8851,0.4224,0.186
6,300,3,0.06,3,0.8294,0.4976,0.2114
6,1000,3,0.12,1,0.8867,0.4176,0.186
4,1200,3,0.14,3,0.8951,0.3556,0.2114
4,1400,3,0.2,3,0.9002,0.3517,0.2114
6,800,3,0.12,2,0.8677,0.5022,0.2258
10,100,3,0.08,2,0.7454,0.5192,0.2258
4,700,3,0.02,1,0.8078,0.5053,0.186
4,20,3,0.4,3,0.7672,0.5274,0.2114
6,300,3,0.02,3,0.7545,0.4714,0.2114
8,100,3,0.2,2,0.8156,0.5157,0.2258
8,200,3,0.8,2,0.8769,0.4527,0.2258
6,200,3,0.02,2,0.7026,0.4481,0.2258
4,100,3,0.4,2,0.8495,0.5352,0.2258
10,1000,3,0.6,3,0.9047,0.3162,0.2114
6,900,3,0.6,2,0.8887,0.1558,0.2258
4,200,3,0.12,2,0.8237,0.5245,0.2258
8,20,3,0.14,3,0.692,0.4461,0.2114
8,100,3,0.4,2,0.847,0.5252,0.2258
4,500,3,0.2,2,0.8698,0.5175,0.2258
8,500,3,0.14,2,0.8615,0.5055,0.2258
6,200,3,0.04,2,0.7489,0.5048,0.2258
8,1000,3,0.06,1,0.8741,0.4776,0.186
10,400,3,0.1,3,0.8687,0.4414,0.2114
4,500,3,0.12,2,0.8607,0.5212,0.2258
6,1400,3,0.04,1,0.8735,0.431,0.186
4,900,3,0.06,1,0.8721,0.4552,0.186
6,400,3,0.6,3,0.9013,0.3467,0.2114
8,60,3,0.8,1,0.8702,0.4265,0.186
10,300,3,0.04,2,0.7783,0.5051,0.2258
4,600,3,0.2,2,0.8728,0.5129,0.2258
10,900,3,0.04,2,0.8411,0.5359,0.2258
8,400,3,0.06,3,0.8475,0.4835,0.2114
6,800,3,0.6,3,0.9053,0.3039,0.2114
10,900,3,0.2,3,0.8943,0.3695,0.2114
10,1000,3,0.04,3,0.8676,0.4526,0.2114
6,200,3,0.4,3,0.8889,0.4064,0.2114
6,900,3,0.08,1,0.8799,0.4541,0.186
6,1000,3,0.12,3,0.8929,0.3894,0.2114
10,100,3,0.04,2,0.7049,0.4335,0.2258
8,1200,3,0.4,2,0.8869,0.4439,0.2258
8,100,3,0.06,2,0.7321,0.4967,0.2258
10,1000,3,0.06,3,0.879,0.4185,0.2114
4,20,3,0.8,2,0.7876,0.4628,0.2258
6,1400,3,0.04,1,0.8735,0.431,0.186
8,400,3,0.1,1,0.8626,0.4668,0.186
8,1200,3,0.2,3,0.8975,0.3483,0.2114
6,300,3,0.08,1,0.8447,0.496,0.186
4,700,3,0.6,1,0.9014,0.2849,0.186
10,500,3,0.8,3,0.9044,0.1059,0.2114
8,20,3,0.14,1,0.6849,0.4781,0.186
10,400,3,0.2,3,0.8865,0.3968,0.2114
6,700,3,0.8,1,0.9031,0.242,0.186
4,1400,3,0.06,1,0.8821,0.4354,0.186
6,700,3,0.04,3,0.8545,0.4721,0.2114
6,100,3,0.8,1,0.8816,0.3152,0.186
4,1000,3,0.06,1,0.875,0.4497,0.186
10,700,3,0.04,2,0.8315,0.5325,0.2258
6,600,4,0.14,3,0.9166,0.4268,0.2114
4,1000,4,0.4,2,0.9291,0.5044,0.2258
4,700,4,0.12,1,0.9111,0.4765,0.186
6,800,4,0.8,2,0.9304,0.3811,0.2258
6,400,4,0.14,3,0.9088,0.4443,0.2114
8,700,4,0.4,2,0.9257,0.5662,0.2258
10,600,4,0.8,1,0.9259,0.275,0.186
10,200,4,0.4,2,0.9129,0.4478,0.2258
6,600,4,0.6,1,0.9245,0.3627,0.186
6,1200,4,0.6,1,0.9267,0.367,0.186
8,1200,4,0.02,2,0.8741,0.4092,0.2258
8,1400,4,0.12,1,0.9179,0.5216,0.186
6,100,4,0.14,1,0.8398,0.4951,0.186
4,300,4,0.6,3,0.9261,0.3301,0.2114
8,900,4,0.1,3,0.917,0.4162,0.2114
10,1200,4,0.4,1,0.9244,0.4677,0.186
10,60,4,0.12,2,0.796,0.3275,0.2258
6,100,4,0.2,2,0.8698,0.4156,0.2258
8,60,4,0.1,2,0.7895,0.2794,0.2258
8,60,4,0.6,1,0.8941,0.4485,0.186
4,400,4,0.2,2,0.9148,0.4012,0.2258
10,900,4,0.08,1,0.9072,0.5265,0.186
4,700,4,0.14,3,0.9189,0.4195,0.2114
4,1000,4,0.1,1,0.9142,0.4956,0.186
6,800,4,0.6,3,0.93,0.2359,0.2114
4,1400,4,0.1,1,0.9178,0.5001,0.186
6,500,4,0.14,1,0.9086,0.5355,0.186
6,200,4,0.06,2,0.8352,0.3692,0.2258
8,1000,4,0.2,3,0.9246,0.4408,0.2114
8,60,4,0.14,3,0.8145,0.4779,0.2114
6,60,4,0.12,3,0.8048,0.4095,0.2114
6,600,4,0.8,1,0.9262,0.2954,0.186
4,1400,4,0.02,3,0.8851,0.4824,0.2114
8,500,4,0.8,2,0.9283,0.4788,0.2258
4,100,4,0.06,2,0.7939,0.295,0.2258
8,1400,4,0.06,3,0.9151,0.4173,0.2114
10,1200,4,0.04,3,0.9031,0.4646,0.2114
10,700,4,0.4,3,0.9262,0.3163,0.2114
8,700,4,0.14,3,0.9166,0.4757,0.2114
6,1000,4,0.1,3,0.9182,0.421,0.2114
10,20,4,0.8,3,0.845,0.3961,0.2114
4,20,4,0.08,1,0.6305,0.4091,0.186
6,500,4,0.2,2,0.9178,0.5181,0.2258
10,20,4,0.4,2,0.7988,0.2884,0.2258
10,200,4,0.06,1,0.8361,0.4951,0.186
10,800,4,0.12,2,0.9159,0.5189,0.2258
10,400,4,0.08,2,0.8846,0.4283,0.2258
6,500,4,0.06,1,0.8858,0.5162,0.186
8,600,4,0.2,2,0.9192,0.5024,0.2258
4,800,4,0.4,1,0.9247,0.4193,0.186
10,20,4,0.12,2,0.7087,0.2799,0.2258
8,1400,4,0.12,2,0.9217,0.5244,0.2258
4,20,4,0.14,2,0.7324,0.2815,0.2258
8,60,4,0.08,2,0.7793,0.2727,0.2258
10,1000,4,0.2,2,0.9224,0.5111,0.2258
10,500,4,0.04,2,0.8638,0.3885,0.2258
10,1400,4,0.8,3,0.9312,0.2734,0.2114
8,800,4,0.06,2,0.9024,0.467,0.2258
8,200,4,0.1,3,0.869,0.4509,0.2114
6,100,4,0.04,2,0.7659,0.3227,0.2258
6,900,4,0.06,3,0.9077,0.4218,0.2114
10,1200,4,0.4,3,0.9286,0.3078,0.2114
6,1400,4,0.02,1,0.8836,0.5263,0.186
10,900,4,0.04,2,0.8912,0.4437,0.2258
4,900,4,0.8,2,0.9307,0.4893,0.2258
6,800,4,0.08,3,0.9118,0.4465,0.2114
10,1200,4,0.4,3,0.9286,0.3078,0.2114
10,1400,4,0.2,2,0.924,0.5189,0.2258
8,900,4,0.12,1,0.9137,0.5179,0.186
4,500,4,0.1,3,0.9059,0.4582,0.2114
4,1000,4,0.1,1,0.9142,0.4956,0.186
6,700,4,0.02,2,0.8412,0.3845,0.2258
10,1200,4,0.4,3,0.9286,0.3078,0.2114
4,300,4,0.12,2,0.8918,0.3892,0.2258
4,900,4,0.14,3,0.9215,0.42,0.2114
8,900,4,0.6,2,0.9293,0.5683,0.2258
6,1400,4,0.02,1,0.8836,0.5263,0.186
6,500,4,0.2,1,0.915,0.4943,0.186
6,1200,4,0.02,3,0.8808,0.469,0.2114
6,400,4,0.02,3,0.815,0.4402,0.2114
4,20,4,0.12,2,0.7038,0.2304,0.2258
6,500,4,0.06,2,0.8835,0.4325,0.2258
10,200,4,0.8,3,0.9238,0.2983,0.2114
10,800,4,0.02,1,0.8537,0.5165,0.186
10,300,4,0.08,2,0.8718,0.4051,0.2258
10,20,4,0.08,2,0.6349,0.2557,0.2258
10,100,4,0.06,2,0.7904,0.3313,0.2258
4,500,4,0.8,3,0.9299,0.2579,0.2114
8,1200,4,0.6,3,0.9306,0.3107,0.2114
10,60,4,0.02,3,0.5818,0.2548,0.2114
6,200,4,0.1,3,0.8681,0.4506,0.2114
6,200,4,0.1,2,0.865,0.3611,0.2258
10,600,4,0.4,2,0.9241,0.4916,0.2258
10,400,4,0.02,3,0.8145,0.4237,0.2114
10,500,4,0.4,2,0.9228,0.49,0.2258
8,500,4,0.4,3,0.9244,0.3805,0.2114
6,700,4,0.1,1,0.9075,0.4687,0.186
6,600,4,0.2,1,0.9167,0.4981,0.186
6,900,4,0.6,1,0.9261,0.3682,0.186
6,400,4,0.2,3,0.916,0.4109,0.2114
6,900,5,0.12,3,0.9267,0.5028,0.2114
8,20,5,0.02,3,0.3404,0.1918,0.2114
4,400,5,0.4,1,0.9225,0.4514,0.186
6,400,5,0.12,1,0.9071,0.5334,0.186
8,1200,5,0.08,3,0.9247,0.4751,0.2114
4,60,5,0.12,3,0.8272,0.5069,0.2114
10,20,5,0.14,1,0.7547,0.5143,0.186
6,500,5,0.1,3,0.9162,0.4871,0.2114
10,700,5,0.04,2,0.8897,0.5783,0.2258
6,1200,5,0.12,2,0.9213,0.6407,0.2258
4,1400,5,0.08,1,0.9197,0.5458,0.186
8,200,5,0.2,3,0.9111,0.5518,0.2114
8,60,5,0.06,3,0.789,0.465,0.2114
6,500,5,0.1,1,0.9067,0.5489,0.186
10,500,5,0.08,3,0.91,0.5389,0.2114
8,300,5,0.4,3,0.9279,0.5055,0.2114
4,800,5,0.8,3,0.9334,0.2873,0.2114
6,600,5,0.14,1,0.9161,0.518,0.186
8,900,5,0.4,1,0.9251,0.5206,0.186
6,800,5,0.2,2,0.9222,0.5836,0.2258
6,900,5,0.4,1,0.9254,0.4438,0.186
10,1200,5,0.12,3,0.9275,0.5061,0.2114
10,700,5,0.12,1,0.9152,0.5163,0.186
10,800,5,0.12,2,0.9154,0.6068,0.2258
4,700,5,0.6,3,0.9329,0.3555,0.2114
8,700,5,0.04,1,0.8915,0.5624,0.186
8,400,5,0.06,3,0.8953,0.5211,0.2114
10,1200,5,0.6,2,0.927,0.4403,0.2258
6,900,5,0.14,1,0.9201,0.516,0.186
8,1200,5,0.08,2,0.9159,0.6522,0.2258
4,200,5,0.14,2,0.8892,0.5625,0.2258
10,20,5,0.2,2,0.7758,0.4616,0.2258
8,400,5,0.4,3,0.9295,0.5019,0.2114
8,200,5,0.06,2,0.8437,0.5527,0.2258
6,1400,5,0.8,3,0.9335,0.3117,0.2114
10,1400,5,0.8,1,0.9266,0.4015,0.186
10,400,5,0.8,1,0.9251,0.4186,0.186
4,800,5,0.6,3,0.9331,0.3525,0.2114
4,1400,5,0.04,3,0.9189,0.5223,0.2114
6,1200,5,0.04,1,0.9067,0.5709,0.186
4,60,5,0.12,1,0.8203,0.5166,0.186
6,400,5,0.1,2,0.9005,0.6103,0.2258
4,300,5,0.6,2,0.9237,0.548,0.2258
4,20,5,0.08,1,0.6822,0.495,0.186
4,100,5,0.1,3,0.8469,0.5411,0.2114
10,60,5,0.2,1,0.8522,0.5673,0.186
4,800,5,0.14,2,0.9194,0.5873,0.2258
4,500,5,0.2,2,0.9186,0.5677,0.2258
6,1400,5,0.14,2,0.9232,0.6067,0.2258
4,1200,5,0.12,1,0.9218,0.5468,0.186
4,700,5,0.4,3,0.932,0.4548,0.2114
8,100,5,0.12,3,0.8607,0.5204,0.2114
4,700,5,0.06,1,0.9038,0.5389,0.186
8,900,5,0.06,3,0.9168,0.4997,0.2114
10,300,5,0.14,1,0.9017,0.5077,0.186
4,1400,5,0.6,3,0.9334,0.3517,0.2114
8,800,5,0.04,3,0.9032,0.5531,0.2114
10,700,5,0.08,2,0.9068,0.602,0.2258
6,1000,5,0.2,3,0.9306,0.4802,0.2114
10,800,5,0.8,2,0.927,0.5476,0.2258
6,1200,5,0.06,3,0.9225,0.5154,0.2114
6,300,5,0.2,3,0.9197,0.511,0.2114
6,100,5,0.2,3,0.8892,0.5281,0.2114
6,700,5,0.2,3,0.9286,0.4915,0.2114
10,1200,5,0.08,1,0.9162,0.5796,0.186
4,700,5,0.1,3,0.9225,0.5422,0.2114
6,100,5,0.6,1,0.9107,0.4712,0.186
8,60,5,0.02,2,0.5979,0.3815,0.2258
8,500,5,0.2,2,0.9169,0.5796,0.2258
8,1400,5,0.02,1,0.8914,0.5505,0.186
6,300,5,0.2,2,0.9108,0.5753,0.2258
10,600,5,0.6,1,0.9254,0.4703,0.186
8,600,5,0.8,1,0.9261,0.3978,0.186
4,100,5,0.2,3,0.8896,0.5165,0.2114
6,700,5,0.6,1,0.9258,0.4111,0.186
8,1000,5,0.14,1,0.9206,0.5556,0.186
10,20,5,0.2,2,0.7758,0.4616,0.2258
8,600,5,0.04,1,0.8861,0.562,0.186
8,60,5,0.12,1,0.8206,0.5212,0.186
10,100,5,0.08,2,0.8175,0.5215,0.2258
10,200,5,0.12,3,0.8951,0.5499,0.2114
10,300,5,0.2,3,0.9187,0.5265,0.2114
8,800,5,0.02,1,0.8688,0.5562,0.186
4,700,5,0.6,1,0.926,0.3768,0.186
10,900,5,0.06,1,0.9074,0.5189,0.186
10,400,5,0.08,2,0.894,0.5894,0.2258
6,800,5,0.4,1,0.9251,0.4447,0.186
6,100,5,0.1,3,0.8504,0.4931,0.2114
8,500,5,0.04,2,0.8742,0.6077,0.2258
4,20,5,0.1,1,0.7211,0.4681,0.186
6,1000,5,0.06,1,0.9112,0.5421,0.186
6,600,5,0.12,3,0.9221,0.5093,0.2114
8,1400,5,0.08,2,0.9175,0.655,0.2258
6,100,5,0.12,3,0.8601,0.5107,0.2114
10,300,5,0.08,1,0.8841,0.588,0.186
10,20,5,0.8,1,0.8627,0.5037,0.186
6,1200,5,0.12,1,0.9212,0.5296,0.186
4,200,5,0.06,3,0.8613,0.5154,0.2114
4,600,5,0.06,3,0.9086,0.5242,0.2114
6,300,5,0.08,2,0.8846,0.6048,0.2258
8,100,6,0.08,3,0.8285,0.6019,0.2114
10,1400,6,0.8,1,0.9281,0.2899,0.186
10,1000,6,0.06,3,0.9101,0.638,0.2114
6,20,6,0.4,1,0.8168,0.4994,0.186
4,1400,6,0.06,1,0.9144,0.5208,0.186
6,400,6,0.1,2,0.8999,0.5422,0.2258
4,20,6,0.04,2,0.5173,0.27,0.2258
6,60,6,0.8,2,0.9054,0.3922,0.2258
8,900,6,0.1,1,0.9147,0.5339,0.186
4,1400,6,0.04,1,0.9073,0.5495,0.186
10,20,6,0.2,1,0.7887,0.4874,0.186
6,600,6,0.2,2,0.922,0.58,0.2258
6,400,6,0.08,3,0.894,0.6038,0.2114
4,100,6,0.6,3,0.9129,0.6004,0.2114
6,300,6,0.1,1,0.8887,0.5446,0.186
4,60,6,0.8,3,0.9056,0.477,0.2114
8,700,6,0.4,3,0.9286,0.5643,0.2114
10,800,6,0.2,3,0.9231,0.5952,0.2114
8,300,6,0.4,1,0.9184,0.4707,0.186
4,20,6,0.06,3,0.635,0.4068,0.2114
6,400,6,0.02,2,0.8277,0.4629,0.2258
8,400,6,0.08,2,0.8906,0.5183,0.2258
4,800,6,0.08,3,0.9122,0.6336,0.2114
4,700,6,0.1,1,0.9124,0.5332,0.186
8,1200,6,0.12,2,0.9222,0.5672,0.2258
4,900,6,0.2,2,0.9258,0.5558,0.2258
10,60,6,0.4,3,0.8823,0.6192,0.2114
6,1000,6,0.14,2,0.9229,0.5888,0.2258
8,600,6,0.4,2,0.9274,0.5866,0.2258
10,1000,6,0.14,2,0.9217,0.5617,0.2258
6,100,6,0.04,3,0.7976,0.5658,0.2114
10,1200,6,0.8,3,0.9317,0.5644,0.2114
4,800,6,0.06,2,0.9036,0.5421,0.2258
10,600,6,0.6,3,0.9297,0.4819,0.2114
6,60,6,0.12,3,0.8218,0.592,0.2114
10,1200,6,0.14,3,0.9244,0.5937,0.2114
8,700,6,0.04,3,0.8878,0.6235,0.2114
4,600,6,0.2,3,0.9233,0.5634,0.2114
8,1200,6,0.6,3,0.9313,0.4217,0.2114
6,1000,6,0.1,1,0.9174,0.5391,0.186
8,1200,6,0.2,2,0.9254,0.5701,0.2258
4,100,6,0.6,3,0.9129,0.6004,0.2114
10,100,6,0.8,2,0.9155,0.5103,0.2258
6,60,6,0.08,3,0.8071,0.5501,0.2114
6,700,6,0.06,2,0.8991,0.552,0.2258
4,600,6,0.6,3,0.9307,0.584,0.2114
10,800,6,0.4,3,0.9288,0.5883,0.2114
6,900,6,0.1,1,0.9161,0.5404,0.186
10,900,6,0.02,1,0.8664,0.5415,0.186
10,200,6,0.06,3,0.8519,0.6239,0.2114
8,60,6,0.02,3,0.6278,0.4113,0.2114
4,20,6,0.08,1,0.692,0.4828,0.186
8,700,6,0.08,2,0.9074,0.5284,0.2258
8,200,6,0.06,3,0.8475,0.602,0.2114
10,800,6,0.4,2,0.9278,0.5683,0.2258
8,400,6,0.06,1,0.8797,0.5497,0.186
4,1200,6,0.14,2,0.9258,0.5415,0.2258
6,200,6,0.04,1,0.8283,0.5297,0.186
8,300,6,0.2,3,0.9098,0.6458,0.2114
4,600,6,0.14,2,0.9178,0.5192,0.2258
6,60,6,0.1,2,0.8095,0.4643,0.2258
6,1400,6,0.02,1,0.8874,0.5709,0.186
6,500,6,0.2,1,0.9173,0.5143,0.186
10,1000,6,0.12,1,0.9173,0.5688,0.186
4,1000,6,0.4,2,0.9302,0.5766,0.2258
4,200,6,0.06,2,0.8434,0.4757,0.2258
4,1000,6,0.2,1,0.9234,0.4977,0.186
4,500,6,0.14,1,0.9114,0.5426,0.186
4,20,6,0.6,2,0.8303,0.4115,0.2258
10,700,6,0.08,3,0.9089,0.656,0.2114
10,1400,6,0.6,1,0.9277,0.2829,0.186
8,20,6,0.04,3,0.5264,0.337,0.2114
8,1000,6,0.6,1,0.9274,0.4,0.186
6,200,6,0.6,3,0.924,0.5728,0.2114
8,20,6,0.14,3,0.7722,0.5489,0.2114
6,100,6,0.04,3,0.7976,0.5658,0.2114
6,800,6,0.04,2,0.8904,0.5216,0.2258
6,200,6,0.06,2,0.8474,0.4835,0.2258
4,60,6,0.08,1,0.804,0.5186,0.186
4,1000,6,0.1,2,0.9192,0.5249,0.2258
8,1200,6,0.04,1,0.9028,0.5589,0.186
4,20,6,0.8,1,0.8506,0.2755,0.186
10,800,6,0.04,2,0.8908,0.525,0.2258
8,100,6,0.14,3,0.8558,0.636,0.2114
4,60,6,0.2,3,0.8479,0.5633,0.2114
4,900,6,0.2,2,0.9258,0.5558,0.2258
10,400,6,0.02,2,0.8259,0.46,0.2258
4,600,6,0.08,3,0.9054,0.6285,0.2114
4,400,6,0.1,2,0.8991,0.5042,0.2258
8,700,6,0.2,3,0.9231,0.6394,0.2114
6,20,6,0.06,3,0.6299,0.4141,0.2114
4,600,6,0.6,2,0.9304,0.4868,0.2258
10,1400,6,0.12,3,0.9241,0.6172,0.2114
8,1200,6,0.02,3,0.8831,0.6444,0.2114
8,700,6,0.04,3,0.8878,0.6235,0.2114
4,900,6,0.6,3,0.9315,0.5888,0.2114
6,900,6,0.12,3,0.9218,0.6303,0.2114
6,100,6,0.4,1,0.8991,0.4914,0.186
10,1400,6,0.4,1,0.9269,0.4398,0.186
8,1200,6,0.08,2,0.918,0.5416,0.2258
10,200,7,0.2,3,0.8235,0.5315,0.2102
6,500,7,0.14,1,0.8558,0.3787,0.1822
4,100,7,0.08,1,0.7354,0.4301,0.1822
8,600,7,0.14,3,0.8557,0.5027,0.2102
4,20,7,0.04,2,0.4413,0.317,0.2275
6,300,7,0.02,3,0.7149,0.5004,0.2102
10,20,7,0.14,1,0.6574,0.3577,0.1822
8,600,7,0.4,2,0.871,0.4117,0.2275
8,1000,7,0.12,3,0.8662,0.5025,0.2102
6,500,7,0.02,2,0.7428,0.4686,0.2275
10,60,7,0.8,3,0.8409,0.4345,0.2102
4,1000,7,0.6,3,0.8851,0.3472,0.2102
6,300,7,0.4,2,0.8612,0.4499,0.2275
4,700,7,0.06,3,0.8285,0.5217,0.2102
10,700,7,0.02,1,0.7716,0.4111,0.1822
10,20,7,0.2,3,0.6791,0.4932,0.2102
8,200,7,0.06,3,0.7478,0.5459,0.2102
10,500,7,0.6,2,0.8741,0.3588,0.2275
8,500,7,0.6,3,0.88,0.3891,0.2102
6,400,7,0.12,2,0.8325,0.4788,0.2275
10,800,7,0.04,1,0.8157,0.4183,0.1822
10,500,7,0.14,1,0.8556,0.335,0.1822
8,700,7,0.4,3,0.8781,0.444,0.2102
6,60,7,0.02,1,0.5187,0.2412,0.1822
4,1200,7,0.14,2,0.8663,0.4586,0.2275
6,1000,7,0.02,1,0.79,0.4277,0.1822
8,700,7,0.08,1,0.8474,0.3676,0.1822
4,1400,7,0.8,1,0.892,0.2402,0.1822
10,200,7,0.12,3,0.7937,0.5331,0.2102
4,200,7,0.06,3,0.7485,0.5462,0.2102
6,600,7,0.08,2,0.8302,0.4759,0.2275
6,1400,7,0.06,2,0.8505,0.4613,0.2275
8,500,7,0.08,2,0.8219,0.4794,0.2275
6,600,7,0.02,2,0.7518,0.4711,0.2275
4,1000,7,0.04,2,0.8199,0.4733,0.2275
4,1000,7,0.8,3,0.8868,0.4422,0.2102
4,100,7,0.1,3,0.7359,0.5303,0.2102
8,1200,7,0.04,2,0.8297,0.474,0.2275
4,600,7,0.6,3,0.8825,0.3668,0.2102
8,300,7,0.1,3,0.8071,0.5242,0.2102
10,20,7,0.12,2,0.6484,0.4406,0.2275
10,600,7,0.2,3,0.8641,0.4916,0.2102
8,60,7,0.1,2,0.7104,0.4697,0.2275
10,700,7,0.2,1,0.8688,0.3988,0.1822
6,20,7,0.6,1,0.7623,0.4151,0.1822
4,400,7,0.2,3,0.8565,0.4989,0.2102
10,300,7,0.4,2,0.8588,0.4561,0.2275
10,500,7,0.4,3,0.8746,0.4569,0.2102
4,100,7,0.06,1,0.7192,0.3847,0.1822
4,60,7,0.8,1,0.8434,0.3858,0.1822
10,400,7,0.08,1,0.8171,0.3873,0.1822
6,500,7,0.2,2,0.8557,0.4672,0.2275
8,900,7,0.08,3,0.8513,0.5013,0.2102
8,700,7,0.12,3,0.8584,0.5246,0.2102
6,100,7,0.06,3,0.7142,0.5055,0.2102
8,1000,7,0.06,2,0.8376,0.4921,0.2275
6,900,7,0.1,1,0.865,0.3095,0.1822
10,600,7,0.04,1,0.8002,0.4162,0.1822
6,600,7,0.02,2,0.7518,0.4711,0.2275
6,1000,7,0.6,3,0.8842,0.4095,0.2102
6,100,7,0.12,2,0.7509,0.4624,0.2275
10,400,7,0.12,1,0.8359,0.412,0.1822
10,1400,7,0.1,2,0.8596,0.4452,0.2275
10,100,7,0.1,2,0.7388,0.4413,0.2275
6,300,7,0.4,2,0.8612,0.4499,0.2275
6,500,7,0.04,3,0.7811,0.5398,0.2102
6,1000,7,0.02,3,0.7817,0.5494,0.2102
4,600,7,0.14,2,0.8529,0.4746,0.2275
4,800,7,0.04,2,0.8097,0.4744,0.2275
6,1400,7,0.4,1,0.8876,0.2654,0.1822
6,200,7,0.12,1,0.8029,0.3896,0.1822
8,1400,7,0.04,1,0.8458,0.3912,0.1822
10,1400,7,0.8,2,0.8813,0.368,0.2275
8,500,7,0.02,2,0.7428,0.4672,0.2275
4,300,7,0.14,2,0.822,0.4768,0.2275
10,600,7,0.4,2,0.868,0.4316,0.2275
6,200,7,0.06,3,0.7462,0.5325,0.2102
6,500,7,0.8,1,0.8874,0.3185,0.1822
8,100,7,0.02,3,0.6134,0.4234,0.2102
10,900,7,0.12,3,0.8614,0.4591,0.2102
10,200,7,0.1,3,0.7775,0.5376,0.2102
6,900,7,0.08,2,0.8467,0.4664,0.2275
6,1200,7,0.08,1,0.8645,0.3127,0.1822
10,300,7,0.6,2,0.8668,0.3875,0.2275
4,1400,7,0.04,2,0.8367,0.4764,0.2275
4,900,7,0.14,2,0.8617,0.4665,0.2275
10,100,7,0.08,2,0.7292,0.4431,0.2275
10,300,7,0.8,3,0.877,0.3993,0.2102
10,400,7,0.2,2,0.8502,0.4662,0.2275
4,600,7,0.04,3,0.793,0.546,0.2102
6,100,7,0.6,3,0.8464,0.4768,0.2102
4,400,7,0.12,2,0.8314,0.481,0.2275
6,1200,7,0.8,3,0.8866,0.3608,0.2102
6,800,7,0.02,1,0.7776,0.4266,0.1822
6,500,7,0.2,3,0.862,0.4791,0.2102
8,1000,7,0.12,2,0.8591,0.4612,0.2275
10,200,7,0.4,2,0.8495,0.4822,0.2275
10,1000,7,0.08,1,0.8581,0.3231,0.1822
4,900,7,0.14,3,0.8669,0.4888,0.2102
6,900,7,0.06,3,0.8408,0.4973,0.2102
6,200,8,0.8,1,0.9134,0.5037,0.1665
10,60,8,0.04,2,0.7109,0.3677,0.2104
8,700,8,0.08,2,0.8938,0.4686,0.2104
10,700,8,0.06,3,0.8857,0.5926,0.1686
8,1200,8,0.6,3,0.9298,0.5027,0.1686
8,600,8,0.8,2,0.9205,0.284,0.2104
6,700,8,0.08,3,0.9017,0.5779,0.1686
6,600,8,0.1,3,0.904,0.5594,0.1686
6,300,8,0.12,1,0.8724,0.5071,0.1665
4,500,8,0.02,3,0.8123,0.5952,0.1686
8,20,8,0.8,1,0.8125,0.3092,0.1665
4,400,8,0.08,3,0.8748,0.5962,0.1686
10,900,8,0.12,3,0.9158,0.5427,0.1686
10,200,8,0.12,3,0.8516,0.5638,0.1686
8,800,8,0.04,1,0.8618,0.5199,0.1665
10,60,8,0.02,3,0.5864,0.4451,0.1686
10,100,8,0.1,1,0.8027,0.5298,0.1665
6,600,8,0.12,3,0.9108,0.5885,0.1686
10,1000,8,0.14,2,0.912,0.4444,0.2104
10,20,8,0.02,3,0.307,0.2361,0.1686
8,100,8,0.2,3,0.845,0.5808,0.1686
10,300,8,0.08,1,0.846,0.5542,0.1665
10,100,8,0.2,1,0.8371,0.5055,0.1665
8,200,8,0.04,2,0.7971,0.4645,0.2104
4,700,8,0.04,2,0.866,0.487,0.2104
4,1200,8,0.2,2,0.919,0.4632,0.2104
10,1400,8,0.06,2,0.9039,0.5244,0.2104
6,1400,8,0.08,3,0.9187,0.5593,0.1686
8,400,8,0.12,2,0.8912,0.4076,0.2104
4,60,8,0.2,2,0.8143,0.4494,0.2104
10,60,8,0.6,1,0.8676,0.4003,0.1665
8,60,8,0.8,1,0.8799,0.3753,0.1665
4,600,8,0.2,2,0.9137,0.4781,0.2104
10,1400,8,0.12,1,0.9112,0.5551,0.1665
10,500,8,0.02,2,0.8076,0.4588,0.2104
8,400,8,0.4,2,0.9139,0.3568,0.2104
4,900,8,0.06,3,0.9003,0.5793,0.1686
6,700,8,0.12,3,0.9146,0.5834,0.1686
10,200,8,0.8,2,0.9153,0.3538,0.2104
10,1000,8,0.14,1,0.9079,0.5504,0.1665
6,20,8,0.1,3,0.6911,0.5158,0.1686
8,800,8,0.6,3,0.9289,0.5029,0.1686
8,300,8,0.08,2,0.8535,0.4721,0.2104
6,900,8,0.02,3,0.841,0.592,0.1686
8,900,8,0.8,1,0.9197,0.4065,0.1665
8,1400,8,0.6,3,0.93,0.5026,0.1686
8,1000,8,0.14,2,0.9127,0.4359,0.2104
6,500,8,0.12,3,0.9056,0.5957,0.1686
8,800,8,0.06,1,0.8838,0.5547,0.1665
6,500,8,0.1,3,0.8977,0.571,0.1686
6,600,8,0.12,1,0.8983,0.52,0.1665
10,900,8,0.08,3,0.9085,0.5735,0.1686
8,1200,8,0.2,1,0.9146,0.5803,0.1665
4,60,8,0.04,3,0.7151,0.5397,0.1686
4,100,8,0.2,2,0.8461,0.4834,0.2104
4,20,8,0.2,3,0.7646,0.574,0.1686
4,400,8,0.2,3,0.9136,0.6092,0.1686
10,1200,8,0.04,1,0.8795,0.551,0.1665
6,200,8,0.12,2,0.8553,0.489,0.2104
4,600,8,0.6,3,0.9285,0.4959,0.1686
8,1400,8,0.02,3,0.8656,0.5887,0.1686
8,900,8,0.08,2,0.9008,0.4665,0.2104
6,300,8,0.2,2,0.8981,0.4675,0.2104
10,900,8,0.8,2,0.9219,0.3864,0.2104
8,400,8,0.1,1,0.8756,0.5596,0.1665
10,100,8,0.14,1,0.8189,0.5213,0.1665
4,400,8,0.1,3,0.8893,0.6031,0.1686
10,500,8,0.2,1,0.9047,0.5384,0.1665
10,60,8,0.6,1,0.8676,0.4003,0.1665
10,300,8,0.2,2,0.8951,0.5,0.2104
8,1000,8,0.02,2,0.8423,0.4692,0.2104
8,900,8,0.06,2,0.891,0.4673,0.2104
8,20,8,0.2,1,0.7578,0.5107,0.1665
4,500,8,0.02,2,0.8059,0.4514,0.2104
8,700,8,0.08,2,0.8938,0.4686,0.2104
8,60,8,0.8,1,0.8799,0.3753,0.1665
10,200,8,0.4,2,0.9036,0.3902,0.2104
4,1200,8,0.1,3,0.9213,0.5764,0.1686
10,20,8,0.6,1,0.792,0.4568,0.1665
4,700,8,0.08,2,0.8978,0.4007,0.2104
4,500,8,0.04,2,0.843,0.471,0.2104
10,300,8,0.02,1,0.7789,0.5041,0.1665
10,100,8,0.8,3,0.9093,0.5113,0.1686
10,1400,8,0.04,2,0.8928,0.4767,0.2104
10,1400,8,0.14,2,0.9151,0.4455,0.2104
4,800,8,0.1,1,0.9016,0.5393,0.1665
8,100,8,0.02,2,0.6832,0.3957,0.2104
6,1000,8,0.04,2,0.883,0.4949,0.2104
6,600,8,0.6,3,0.928,0.4331,0.1686
10,500,8,0.04,1,0.8358,0.5426,0.1665
10,100,8,0.08,3,0.7989,0.5762,0.1686
4,1000,8,0.12,2,0.9127,0.4524,0.2104
6,300,8,0.02,2,0.7839,0.4419,0.2104
6,900,8,0.02,2,0.835,0.4753,0.2104
8,400,8,0.8,2,0.9188,0.2687,0.2104
10,300,8,0.8,1,0.9162,0.5532,0.1665
10,500,8,0.14,2,0.9014,0.4528,0.2104
6,700,8,0.4,2,0.9193,0.419,0.2104
10,700,8,0.12,2,0.9049,0.4573,0.2104
10,600,8,0.02,3,0.8211,0.5964,0.1686
4,100,9,0.04,1,0.6957,0.3734,0.1894
4,200,9,0.2,2,0.8645,0.5182,0.2262
10,60,9,0.04,2,0.6285,0.3479,0.2262
6,1200,9,0.2,2,0.9261,0.5349,0.2262
8,300,9,0.14,1,0.8608,0.284,0.1894
4,700,9,0.14,2,0.9085,0.5413,0.2262
8,500,9,0.1,3,0.8779,0.4149,0.2354
10,60,9,0.04,3,0.6605,0.2447,0.2354
6,200,9,0.08,1,0.8121,0.2988,0.1894
10,60,9,0.08,2,0.7062,0.4127,0.2262
10,1400,9,0.14,1,0.9169,0.194,0.1894
6,500,9,0.12,2,0.8847,0.517,0.2262
4,900,9,0.08,1,0.8908,0.2616,0.1894
6,60,9,0.1,2,0.7277,0.3832,0.2262
10,100,9,0.12,3,0.799,0.333,0.2354
10,60,9,0.14,1,0.7592,0.2755,0.1894
6,1400,9,0.2,2,0.9278,0.5337,0.2262
8,1200,9,0.1,1,0.9049,0.2774,0.1894
10,60,9,0.1,3,0.7537,0.3429,0.2354
4,600,9,0.08,1,0.8731,0.2698,0.1894
8,400,9,0.8,3,0.9283,0.4067,0.2354
4,300,9,0.04,2,0.793,0.4602,0.2262
4,60,9,0.2,3,0.8122,0.3801,0.2354
8,900,9,0.2,2,0.9203,0.5499,0.2262
4,500,9,0.8,1,0.9302,0.0977,0.1894
4,60,9,0.08,1,0.7144,0.3803,0.1894
8,400,9,0.06,3,0.8411,0.3567,0.2354
10,400,9,0.1,2,0.8593,0.5087,0.2262
10,1200,9,0.6,3,0.9328,0.2695,0.2354
10,1400,9,0.02,2,0.8399,0.5152,0.2262
4,1200,9,0.8,1,0.933,0.0656,0.1894
8,200,9,0.14,2,0.8435,0.5238,0.2262
8,20,9,0.12,1,0.6385,0.3474,0.1894
10,100,9,0.06,3,0.7519,0.3161,0.2354
6,100,9,0.1,1,0.7776,0.3132,0.1894
6,200,9,0.8,3,0.9193,0.4267,0.2354
6,400,9,0.4,3,0.9196,0.2641,0.2354
8,1200,9,0.06,2,0.8886,0.5529,0.2262
6,1400,9,0.02,1,0.8455,0.3065,0.1894
10,1200,9,0.6,2,0.9359,0.4625,0.2262
4,1400,9,0.02,1,0.8448,0.2822,0.1894
4,700,9,0.8,1,0.9319,0.0816,0.1894
4,800,9,0.06,3,0.8792,0.4138,0.2354
8,100,9,0.2,2,0.8324,0.4815,0.2262
4,60,9,0.02,3,0.5294,0.1918,0.2354
8,900,9,0.8,1,0.932,0.0726,0.1894
10,800,9,0.8,3,0.9322,0.3289,0.2354
8,100,9,0.8,2,0.8941,0.4719,0.2262
8,1200,9,0.02,1,0.8362,0.287,0.1894
8,400,9,0.8,2,0.9306,0.5083,0.2262
10,1000,9,0.04,2,0.8595,0.5257,0.2262
8,400,9,0.2,1,0.8928,0.2762,0.1894
6,1400,9,0.4,3,0.9328,0.2302,0.2354
6,20,9,0.2,1,0.701,0.3728,0.1894
4,700,9,0.12,3,0.8977,0.4291,0.2354
4,700,9,0.14,3,0.9048,0.4491,0.2354
10,60,9,0.2,2,0.8028,0.4777,0.2262
10,300,9,0.4,3,0.908,0.34,0.2354
8,400,9,0.6,3,0.9255,0.3811,0.2354
10,900,9,0.14,3,0.9098,0.3844,0.2354
4,1000,9,0.4,1,0.9274,0.1477,0.1894
4,1200,9,0.8,2,0.9388,0.48,0.2262
6,800,9,0.6,3,0.9317,0.1997,0.2354
10,300,9,0.04,2,0.7911,0.4547,0.2262
8,1000,9,0.14,1,0.9101,0.2986,0.1894
8,800,9,0.08,1,0.8838,0.277,0.1894
4,400,9,0.02,3,0.7703,0.3294,0.2354
10,400,9,0.02,3,0.7688,0.32,0.2354
4,1000,9,0.4,3,0.9315,0.3172,0.2354
8,100,9,0.8,3,0.8972,0.3938,0.2354
8,400,9,0.8,1,0.9272,0.0887,0.1894
6,60,9,0.08,2,0.7128,0.4002,0.2262
8,300,9,0.14,3,0.871,0.3781,0.2354
8,60,9,0.14,1,0.7526,0.3442,0.1894
8,400,9,0.08,3,0.8589,0.425,0.2354
8,1400,9,0.04,2,0.8794,0.5522,0.2262
4,1400,9,0.14,3,0.9229,0.4645,0.2354
6,60,9,0.08,2,0.7128,0.4002,0.2262
4,1200,9,0.4,1,0.929,0.1375,0.1894
8,100,9,0.02,2,0.5914,0.3162,0.2262
6,60,9,0.8,1,0.8671,0.0954,0.1894
6,400,9,0.06,3,0.8444,0.3965,0.2354
6,1400,9,0.1,1,0.911,0.2788,0.1894
6,1200,9,0.8,3,0.9345,0.3661,0.2354
10,900,9,0.1,3,0.9,0.4167,0.2354
10,500,9,0.2,2,0.9029,0.5538,0.2262
6,500,9,0.08,3,0.8703,0.3732,0.2354
8,500,9,0.1,1,0.8697,0.2361,0.1894
10,800,9,0.14,2,0.904,0.5443,0.2262
8,700,9,0.6,3,0.93,0.3722,0.2354
4,900,9,0.6,3,0.9331,0.4061,0.2354
6,700,9,0.02,3,0.8132,0.3598,0.2354
8,1400,9,0.2,3,0.926,0.4408,0.2354
6,800,9,0.08,3,0.8914,0.379,0.2354
10,1000,9,0.08,2,0.8924,0.5664,0.2262
6,20,9,0.1,3,0.6379,0.2574,0.2354
6,60,9,0.1,3,0.7504,0.3304,0.2354
8,400,9,0.8,1,0.9272,0.0887,0.1894
6,400,9,0.6,3,0.926,0.2368,0.2354
4,700,9,0.12,2,0.8988,0.5507,0.2262
6,500,10,0.14,3,0.8941,0.6036,0.2106
6,200,10,0.1,3,0.8389,0.5879,0.2106
4,600,10,0.14,1,0.8959,0.375,0.1868
6,600,10,0.1,1,0.8833,0.3836,0.1868
8,300,10,0.02,1,0.7658,0.4591,0.1868
4,200,10,0.8,2,0.9176,0.4866,0.2279
10,20,10,0.12,1,0.6854,0.4621,0.1868
8,400,10,0.8,1,0.9231,-0.0011,0.1868
10,200,10,0.6,1,0.9084,0.2762,0.1868
6,60,10,0.6,2,0.8679,0.4669,0.2279
4,700,10,0.12,3,0.9011,0.6027,0.2106
10,800,10,0.2,2,0.9125,0.6187,0.2279
10,900,10,0.12,3,0.9072,0.6301,0.2106
10,500,10,0.04,2,0.8326,0.554,0.2279
8,100,10,0.6,3,0.8896,0.5383,0.2106
4,1200,10,0.04,1,0.8777,0.3447,0.1868
6,100,10,0.1,1,0.7988,0.456,0.1868
8,1200,10,0.8,3,0.931,0.5398,0.2106
10,60,10,0.2,1,0.8125,0.4149,0.1868
6,600,10,0.4,2,0.9215,0.5936,0.2279
10,700,10,0.12,2,0.893,0.6305,0.2279
8,800,10,0.2,3,0.918,0.5824,0.2106
10,700,10,0.8,3,0.9284,0.5489,0.2106
6,1000,10,0.1,2,0.9014,0.6121,0.2279
6,200,10,0.8,3,0.9173,0.6234,0.2106
4,60,10,0.08,2,0.7375,0.4503,0.2279
6,300,10,0.2,1,0.8831,0.399,0.1868
8,60,10,0.12,2,0.7724,0.4677,0.2279
6,800,10,0.04,3,0.8647,0.5938,0.2106
10,20,10,0.1,3,0.6595,0.4417,0.2106
4,1000,10,0.14,3,0.9152,0.6141,0.2106
8,300,10,0.4,2,0.9076,0.5954,0.2279
10,400,10,0.8,1,0.9222,0.1033,0.1868
8,900,10,0.6,2,0.9253,0.5836,0.2279
8,1200,10,0.4,2,0.9241,0.6187,0.2279
10,200,10,0.06,3,0.8106,0.5496,0.2106
6,900,10,0.1,2,0.8974,0.6093,0.2279
4,1200,10,0.6,2,0.9283,0.4763,0.2279
8,200,10,0.14,2,0.8512,0.5584,0.2279
6,600,10,0.02,2,0.8097,0.5137,0.2279
4,300,10,0.6,3,0.9202,0.5542,0.2106
6,900,10,0.04,2,0.862,0.5888,0.2279
6,500,10,0.8,3,0.9291,0.6202,0.2106
10,700,10,0.2,1,0.9083,0.43,0.1868
4,1000,10,0.8,2,0.9285,0.4906,0.2279
4,800,10,0.02,1,0.8264,0.3974,0.1868
4,1400,10,0.08,1,0.9076,0.3568,0.1868
8,60,10,0.02,3,0.5696,0.3827,0.2106
4,1200,10,0.14,2,0.9163,0.6063,0.2279
6,200,10,0.4,3,0.8985,0.5886,0.2106
10,200,10,0.06,1,0.8084,0.4609,0.1868
8,700,10,0.12,3,0.8982,0.5939,0.2106
8,700,10,0.2,2,0.9111,0.5982,0.2279
8,200,10,0.6,2,0.9081,0.5911,0.2279
4,500,10,0.04,1,0.8383,0.3603,0.1868
8,300,10,0.04,1,0.8096,0.4411,0.1868
10,1400,10,0.04,3,0.8848,0.6021,0.2106
8,700,10,0.6,2,0.9236,0.5849,0.2279
8,300,10,0.1,1,0.8542,0.3553,0.1868
10,700,10,0.06,3,0.8749,0.5928,0.2106
6,1000,10,0.1,1,0.9018,0.3879,0.1868
10,1000,10,0.12,2,0.9058,0.6426,0.2279
6,400,10,0.04,3,0.8282,0.567,0.2106
8,20,10,0.6,2,0.7933,0.5016,0.2279
8,700,10,0.2,1,0.9109,0.4108,0.1868
6,800,10,0.14,1,0.905,0.3542,0.1868
6,60,10,0.12,2,0.7678,0.446,0.2279
10,900,10,0.02,3,0.8337,0.5901,0.2106
8,200,10,0.8,2,0.9145,0.4711,0.2279
4,600,10,0.06,3,0.8692,0.6072,0.2106
10,20,10,0.06,1,0.5585,0.4272,0.1868
4,600,10,0.08,2,0.8763,0.5793,0.2279
8,500,10,0.14,2,0.8871,0.5827,0.2279
6,20,10,0.1,3,0.6639,0.4404,0.2106
10,700,10,0.02,3,0.8206,0.5791,0.2106
8,1000,10,0.12,1,0.906,0.3307,0.1868
10,800,10,0.08,3,0.892,0.619,0.2106
8,20,10,0.14,3,0.7094,0.4733,0.2106
6,1400,10,0.02,1,0.8545,0.3665,0.1868
4,60,10,0.2,2,0.8051,0.5034,0.2279
8,600,10,0.12,2,0.8918,0.6106,0.2279
10,1000,10,0.02,1,0.8374,0.3553,0.1868
6,900,10,0.06,3,0.8854,0.6054,0.2106
10,1000,10,0.12,1,0.906,0.3956,0.1868
6,800,10,0.6,1,0.926,0.2245,0.1868
10,400,10,0.8,2,0.9222,0.54,0.2279
6,200,10,0.1,1,0.8389,0.3922,0.1868
10,300,10,0.8,2,0.919,0.5304,0.2279
10,60,10,0.2,1,0.8125,0.4149,0.1868
8,900,10,0.2,2,0.9158,0.6017,0.2279
8,900,10,0.04,2,0.8598,0.5898,0.2279
4,500,10,0.14,2,0.8915,0.6007,0.2279
6,200,10,0.08,1,0.829,0.3982,0.1868
4,100,10,0.14,2,0.819,0.5329,0.2279
4,800,10,0.6,2,0.9271,0.4755,0.2279
6,60,10,0.8,2,0.873,0.4917,0.2279
6,600,10,0.2,3,0.9122,0.5916,0.2106
10,1000,10,0.04,1,0.868,0.3735,0.1868
6,800,10,0.1,3,0.9001,0.6275,0.2106
8,400,10,0.04,1,0.8267,0.3911,0.1868
4,700,11,0.6,3,0.9161,0.5508,0.2115
8,1400,11,0.06,3,0.8935,0.5942,0.2115
4,100,11,0.8,1,0.8928,0.4797,0.1865
4,400,11,0.06,1,0.8414,0.5826,0.1865
8,900,11,0.8,1,0.91,0.5154,0.1865
4,500,11,0.04,1,0.8332,0.5669,0.1865
10,1000,11,0.08,1,0.8825,0.5945,0.1865
6,300,11,0.8,1,0.905,0.5182,0.1865
8,500,11,0.2,2,0.8899,0.558,0.2266
6,500,11,0.04,3,0.8395,0.575,0.2115
10,200,11,0.1,2,0.8352,0.4651,0.2266
4,900,11,0.1,3,0.8963,0.6335,0.2115
6,1200,11,0.12,1,0.8971,0.6569,0.1865
8,400,11,0.08,1,0.854,0.5887,0.1865
8,1000,11,0.2,3,0.9073,0.6189,0.2115
8,1000,11,0.8,2,0.9156,0.3023,0.2266
8,600,11,0.08,1,0.8688,0.6036,0.1865
10,1000,11,0.08,3,0.8904,0.6109,0.2115
10,100,11,0.14,1,0.8126,0.5689,0.1865
10,400,11,0.2,1,0.8874,0.5602,0.1865
6,20,11,0.08,2,0.632,0.3492,0.2266
10,900,11,0.12,3,0.8963,0.6065,0.2115
6,700,11,0.08,1,0.8773,0.5839,0.1865
4,400,11,0.1,3,0.8726,0.6135,0.2115
4,900,11,0.2,2,0.904,0.5372,0.2266
6,1000,11,0.02,1,0.8316,0.5707,0.1865
10,900,11,0.08,3,0.887,0.6098,0.2115
6,1200,11,0.1,1,0.8943,0.6477,0.1865
6,500,11,0.06,2,0.856,0.4888,0.2266
10,600,11,0.06,1,0.8594,0.5904,0.1865
8,1000,11,0.12,2,0.8962,0.5283,0.2266
10,1000,11,0.06,2,0.8804,0.5302,0.2266
8,800,11,0.4,1,0.9044,0.6069,0.1865
4,400,11,0.6,1,0.9039,0.6377,0.1865
10,100,11,0.06,1,0.7617,0.5517,0.1865
10,500,11,0.06,3,0.8607,0.5843,0.2115
6,300,11,0.8,3,0.9125,0.5432,0.2115
10,900,11,0.08,1,0.8802,0.5935,0.1865
4,500,11,0.2,1,0.8925,0.616,0.1865
6,60,11,0.06,2,0.7311,0.3842,0.2266
10,300,11,0.6,2,0.9023,0.5001,0.2266
4,900,11,0.08,2,0.8869,0.5523,0.2266
8,700,11,0.6,3,0.9146,0.5157,0.2115
10,200,11,0.2,3,0.8714,0.6122,0.2115
8,1400,11,0.6,3,0.9175,0.5117,0.2115
10,20,11,0.1,3,0.6878,0.4953,0.2115
8,400,11,0.14,3,0.8841,0.6039,0.2115
4,700,11,0.08,2,0.8795,0.541,0.2266
4,60,11,0.4,2,0.8503,0.4841,0.2266
4,600,11,0.08,1,0.8735,0.5718,0.1865
8,60,11,0.1,2,0.7546,0.4437,0.2266
4,1400,11,0.02,1,0.8488,0.573,0.1865
10,1400,11,0.08,1,0.8888,0.5977,0.1865
6,20,11,0.04,1,0.4808,0.3517,0.1865
6,900,11,0.04,3,0.8694,0.5903,0.2115
10,1400,11,0.14,2,0.9004,0.4923,0.2266
4,1400,11,0.06,1,0.8881,0.6114,0.1865
10,100,11,0.6,3,0.8877,0.5426,0.2115
10,300,11,0.08,1,0.8435,0.5566,0.1865
4,800,11,0.04,1,0.8559,0.5823,0.1865
4,500,11,0.08,1,0.8671,0.5668,0.1865
10,1200,11,0.1,3,0.8995,0.6103,0.2115
10,20,11,0.02,3,0.3163,0.2006,0.2115
8,200,11,0.04,1,0.7715,0.5679,0.1865
4,300,11,0.06,2,0.8309,0.5184,0.2266
4,1400,11,0.04,3,0.8849,0.6094,0.2115
10,100,11,0.08,1,0.7736,0.5541,0.1865
6,1000,11,0.14,2,0.8986,0.5552,0.2266
6,900,11,0.08,3,0.8908,0.612,0.2115
8,60,11,0.8,3,0.8799,0.5894,0.2115
6,20,11,0.8,3,0.8373,0.4953,0.2115
6,20,11,0.12,2,0.695,0.3708,0.2266
6,400,11,0.08,3,0.8633,0.5955,0.2115
10,60,11,0.4,3,0.8551,0.5559,0.2115
6,1400,11,0.04,2,0.8796,0.5387,0.2266
4,400,11,0.12,1,0.8743,0.6036,0.1865
8,700,11,0.12,2,0.8893,0.5232,0.2266
4,700,11,0.6,2,0.9137,0.5142,0.2266
6,400,11,0.04,3,0.8278,0.5725,0.2115
8,1200,11,0.4,3,0.9149,0.5948,0.2115
6,600,11,0.8,3,0.9166,0.541,0.2115
10,700,11,0.2,2,0.898,0.4755,0.2266
10,200,11,0.12,3,0.8493,0.5857,0.2115
8,200,11,0.6,1,0.8967,0.5976,0.1865
6,500,11,0.6,2,0.9101,0.5354,0.2266
8,1400,11,0.12,2,0.9001,0.5284,0.2266
10,1000,11,0.06,1,0.8769,0.5994,0.1865
6,500,11,0.02,3,0.8004,0.5668,0.2115
8,500,11,0.14,2,0.885,0.5193,0.2266
10,60,11,0.14,3,0.7938,0.5652,0.2115
4,1200,11,0.02,3,0.8523,0.5808,0.2115
6,600,11,0.4,3,0.9109,0.5179,0.2115
6,1400,11,0.4,1,0.9086,0.5806,0.1865
8,1400,11,0.12,1,0.8968,0.645,0.1865
6,20,11,0.12,3,0.7154,0.4925,0.2115
8,1400,11,0.2,1,0.9024,0.6757,0.1865
6,1400,11,0.04,3,0.8835,0.5991,0.2115
10,200,11,0.8,2,0.9046,0.421,0.2266
10,100,11,0.2,1,0.8345,0.5339,0.1865
4,200,11,0.08,3,0.8315,0.5814,0.2115
4,300,12,0.08,1,0.8802,0.5351,0.186
4,1200,12,0.06,3,0.9146,0.6189,0.2114
6,200,12,0.6,2,0.9232,0.4929,0.2258
10,400,12,0.02,2,0.8104,0.4386,0.2258
8,1400,12,0.1,1,0.9176,0.5468,0.186
8,400,12,0.2,1,0.912,0.492,0.186
6,500,12,0.2,1,0.9158,0.5046,0.186
8,800,12,0.02,3,0.8589,0.5833,0.2114
8,300,12,0.04,2,0.8365,0.4385,0.2258
4,500,12,0.6,3,0.929,0.6098,0.2114
8,900,12,0.4,2,0.9286,0.5514,0.2258
10,500,12,0.12,3,0.9081,0.6148,0.2114
6,300,12,0.2,3,0.9105,0.5904,0.2114
4,1200,12,0.12,2,0.924,0.6012,0.2258
10,700,12,0.06,3,0.8995,0.5818,0.2114
6,500,12,0.02,3,0.8288,0.5754,0.2114
4,800,12,0.04,2,0.8918,0.5372,0.2258
8,500,12,0.08,3,0.898,0.5854,0.2114
6,200,12,0.4,2,0.9176,0.5563,0.2258
6,20,12,0.6,1,0.8287,0.4701,0.186
6,60,12,0.06,3,0.7812,0.5628,0.2114
8,1400,12,0.02,2,0.8872,0.5127,0.2258
10,400,12,0.02,3,0.8179,0.5687,0.2114
10,60,12,0.14,3,0.8215,0.5528,0.2114
10,900,12,0.08,1,0.9083,0.5645,0.186
10,1400,12,0.4,2,0.9304,0.5527,0.2258
8,400,12,0.8,1,0.9251,0.5851,0.186
4,400,12,0.1,1,0.8996,0.5043,0.186
6,300,12,0.14,2,0.899,0.5442,0.2258
4,600,12,0.6,1,0.9258,0.5017,0.186
6,20,12,0.02,2,0.3328,0.154,0.2258
10,600,12,0.2,3,0.9206,0.6208,0.2114
10,20,12,0.14,2,0.7423,0.4176,0.2258
8,500,12,0.04,2,0.8721,0.477,0.2258
4,200,12,0.1,2,0.8737,0.4685,0.2258
4,1400,12,0.02,2,0.8859,0.5195,0.2258
10,400,12,0.02,2,0.8104,0.4386,0.2258
10,300,12,0.06,2,0.8645,0.4863,0.2258
6,900,12,0.14,2,0.9217,0.5684,0.2258
6,1000,12,0.1,2,0.9194,0.5907,0.2258
8,900,12,0.4,2,0.9286,0.5514,0.2258
6,900,12,0.08,3,0.9142,0.6087,0.2114
4,800,12,0.02,3,0.8596,0.5761,0.2114
10,500,12,0.2,3,0.9184,0.616,0.2114
6,1200,12,0.06,2,0.9143,0.5465,0.2258
4,700,12,0.08,3,0.9083,0.6178,0.2114
10,20,12,0.6,3,0.8339,0.4689,0.2114
10,100,12,0.08,1,0.8149,0.551,0.186
6,700,12,0.06,3,0.8995,0.5959,0.2114
8,100,12,0.2,3,0.8637,0.5586,0.2114
10,800,12,0.2,2,0.923,0.5653,0.2258
4,500,12,0.2,2,0.9201,0.5771,0.2258
10,600,12,0.12,3,0.9114,0.6151,0.2114
4,100,12,0.1,3,0.8264,0.5511,0.2114
6,800,12,0.6,3,0.9301,0.5845,0.2114
4,20,12,0.06,3,0.6298,0.4249,0.2114
8,800,12,0.04,3,0.8894,0.5936,0.2114
10,20,12,0.1,3,0.7252,0.5004,0.2114
4,200,12,0.8,2,0.9266,0.4667,0.2258
10,1200,12,0.08,2,0.9164,0.5727,0.2258
4,200,12,0.06,2,0.8375,0.4396,0.2258
6,900,12,0.12,3,0.9215,0.6359,0.2114
4,400,12,0.12,2,0.9045,0.5676,0.2258
8,200,12,0.08,1,0.8603,0.5288,0.186
10,900,12,0.02,2,0.8623,0.4837,0.2258
6,600,12,0.4,2,0.9273,0.5621,0.2258
10,300,12,0.1,3,0.8854,0.5882,0.2114
10,900,12,0.02,2,0.8623,0.4837,0.2258
6,900,12,0.8,3,0.9309,0.4356,0.2114
6,400,12,0.04,2,0.8547,0.4533,0.2258
4,1200,12,0.12,1,0.9195,0.5641,0.186
10,500,12,0.2,2,0.9176,0.5602,0.2258
8,500,12,0.02,2,0.8239,0.4373,0.2258
6,1000,12,0.12,3,0.9222,0.6359,0.2114
6,1200,12,0.02,1,0.8803,0.5009,0.186
4,300,12,0.6,2,0.9268,0.6126,0.2258
4,1400,12,0.2,2,0.9284,0.5831,0.2258
10,1000,12,0.1,1,0.9138,0.5494,0.186
6,600,12,0.08,2,0.906,0.5728,0.2258
4,20,12,0.14,3,0.7645,0.5416,0.2114
6,700,12,0.06,3,0.8995,0.5959,0.2114
8,1200,12,0.12,2,0.9231,0.5553,0.2258
6,20,12,0.14,3,0.7682,0.5405,0.2114
10,300,12,0.06,1,0.8653,0.5228,0.186
6,20,12,0.4,2,0.7995,0.4386,0.2258
4,1400,12,0.6,3,0.931,0.6045,0.2114
6,1000,12,0.08,3,0.9155,0.609,0.2114
8,20,12,0.4,1,0.8013,0.5121,0.186
8,700,12,0.8,3,0.9305,0.5324,0.2114
6,1400,12,0.2,1,0.9236,0.518,0.186
6,600,12,0.2,2,0.9222,0.5454,0.2258
10,900,12,0.08,2,0.9114,0.5648,0.2258
8,500,12,0.06,3,0.8857,0.5558,0.2114
10,500,12,0.4,1,0.9199,0.4761,0.186
6,400,12,0.2,2,0.9155,0.5372,0.2258
8,20,12,0.06,3,0.6249,0.4211,0.2114
6,400,12,0.08,3,0.891,0.5815,0.2114
4,600,12,0.12,3,0.9158,0.6003,0.2114
8,500,12,0.06,3,0.8857,0.5558,0.2114
4,600,12,0.12,1,0.9107,0.5496,0.186
8,600,13,0.2,3,0.9227,0.6189,0.2114
8,700,13,0.1,2,0.9092,0.5862,0.2258
6,1400,13,0.12,2,0.9252,0.5967,0.2258
10,1400,13,0.02,2,0.8732,0.5113,0.2258
4,600,13,0.02,2,0.8469,0.4972,0.2258
6,900,13,0.6,2,0.9315,0.5641,0.2258
10,300,13,0.1,2,0.878,0.5363,0.2258
6,400,13,0.2,1,0.913,0.4768,0.186
6,700,13,0.08,2,0.9037,0.5724,0.2258
4,600,13,0.08,1,0.8955,0.4932,0.186
10,200,13,0.12,2,0.8681,0.4986,0.2258
10,1000,13,0.02,3,0.8669,0.5863,0.2114
6,60,13,0.02,3,0.6448,0.4486,0.2114
4,600,13,0.8,1,0.93,0.4505,0.186
4,400,13,0.06,1,0.871,0.5253,0.186
8,100,13,0.14,2,0.8479,0.447,0.2258
4,1000,13,0.06,3,0.9038,0.6158,0.2114
10,700,13,0.8,2,0.9312,0.6145,0.2258
10,1400,13,0.4,2,0.9307,0.5563,0.2258
4,400,13,0.1,3,0.8931,0.594,0.2114
10,900,13,0.4,2,0.9291,0.5561,0.2258
10,1400,13,0.08,3,0.9209,0.5635,0.2114
4,300,13,0.06,3,0.8638,0.589,0.2114
4,900,13,0.14,1,0.9209,0.5057,0.186
10,20,13,0.12,2,0.7574,0.4216,0.2258
10,600,13,0.02,2,0.8463,0.482,0.2258
10,800,13,0.02,3,0.8608,0.5837,0.2114
6,1000,13,0.6,1,0.9301,0.514,0.186
4,20,13,0.04,3,0.5318,0.3491,0.2114
10,100,13,0.04,3,0.811,0.57,0.2114
4,700,13,0.08,2,0.9024,0.5876,0.2258
4,900,13,0.02,2,0.861,0.5154,0.2258
6,1200,13,0.2,3,0.9306,0.6208,0.2114
6,600,13,0.8,3,0.9336,0.4385,0.2114
8,1000,13,0.04,1,0.8914,0.5266,0.186
6,600,13,0.02,2,0.8472,0.5063,0.2258
6,200,13,0.4,1,0.913,0.5604,0.186
10,1200,13,0.2,2,0.927,0.6115,0.2258
6,20,13,0.02,1,0.3418,0.2433,0.186
4,1400,13,0.04,3,0.9048,0.6434,0.2114
8,500,13,0.12,2,0.9029,0.5996,0.2258
4,800,13,0.14,3,0.9228,0.5529,0.2114
10,400,13,0.4,1,0.9228,0.5222,0.186
6,20,13,0.2,2,0.8041,0.5002,0.2258
10,1400,13,0.8,2,0.932,0.6169,0.2258
6,1000,13,0.14,3,0.9264,0.5657,0.2114
8,400,13,0.04,3,0.8608,0.5879,0.2114
6,60,13,0.2,3,0.8452,0.5538,0.2114
4,1400,13,0.4,2,0.9316,0.6584,0.2258
4,500,13,0.08,2,0.8905,0.5624,0.2258
8,400,13,0.2,3,0.9127,0.6102,0.2114
8,800,13,0.12,2,0.9146,0.6252,0.2258
6,20,13,0.04,1,0.5397,0.4048,0.186
10,800,13,0.06,1,0.8952,0.4658,0.186
10,400,13,0.6,2,0.9275,0.6293,0.2258
8,900,13,0.08,2,0.908,0.5963,0.2258
6,500,13,0.1,1,0.8991,0.4714,0.186
10,300,13,0.8,1,0.927,0.1777,0.186
10,1000,13,0.14,3,0.9243,0.6156,0.2114
4,100,13,0.2,2,0.8694,0.5207,0.2258
8,700,13,0.08,2,0.8989,0.5732,0.2258
10,700,13,0.02,1,0.8527,0.4865,0.186
8,1400,13,0.08,1,0.9172,0.482,0.186
4,20,13,0.14,2,0.7761,0.4583,0.2258
10,100,13,0.1,2,0.8364,0.4913,0.2258
4,600,13,0.14,1,0.9134,0.4989,0.186
4,200,13,0.8,3,0.9297,0.5395,0.2114
4,600,13,0.14,1,0.9134,0.4989,0.186
10,1200,13,0.12,2,0.9216,0.6225,0.2258
10,1000,13,0.12,2,0.9185,0.6168,0.2258
8,1400,13,0.4,1,0.9295,0.5212,0.186
6,900,13,0.14,1,0.9206,0.4842,0.186
6,200,13,0.06,1,0.8471,0.4987,0.186
10,20,13,0.02,2,0.3479,0.1852,0.2258
8,900,13,0.08,2,0.908,0.5963,0.2258
10,1200,13,0.6,1,0.9297,0.4896,0.186
6,100,13,0.8,1,0.9165,0.3818,0.186
10,800,13,0.12,2,0.9144,0.6061,0.2258
6,1000,13,0.06,3,0.9056,0.6063,0.2114
8,1400,13,0.12,1,0.9235,0.5255,0.186
8,100,13,0.8,2,0.9162,0.5054,0.2258
8,1200,13,0.12,2,0.9215,0.6347,0.2258
6,800,13,0.08,2,0.9074,0.5833,0.2258
4,500,13,0.12,2,0.9049,0.6185,0.2258
10,400,13,0.1,1,0.8875,0.5198,0.186
6,900,13,0.1,3,0.9181,0.554,0.2114
10,400,13,0.2,1,0.9104,0.4985,0.186
10,800,13,0.1,1,0.9075,0.5115,0.186
4,20,13,0.06,3,0.6459,0.4272,0.2114
6,100,13,0.14,1,0.8509,0.4972,0.186
8,1000,13,0.14,3,0.9264,0.6343,0.2114
10,60,13,0.8,1,0.8972,0.1911,0.186
4,1200,13,0.04,1,0.8979,0.5037,0.186
4,600,13,0.14,3,0.917,0.5485,0.2114
10,1200,13,0.12,3,0.9249,0.5849,0.2114
6,800,13,0.1,2,0.9119,0.6053,0.2258
4,200,13,0.6,1,0.9229,0.4402,0.186
6,800,13,0.1,1,0.9114,0.476,0.186
8,500,13,0.02,2,0.8391,0.5283,0.2258
8,1000,13,0.1,2,0.9167,0.5966,0.2258
6,1200,14,0.6,2,0.9288,0.519,0.2258
6,300,14,0.6,2,0.9188,0.5218,0.2258
10,60,14,0.1,3,0.779,0.3638,0.2114
8,60,14,0.1,2,0.7624,0.4561,0.2258
6,400,14,0.1,2,0.872,0.595,0.2258
4,1000,14,0.02,2,0.84,0.5718,0.2258
10,20,14,0.08,2,0.5976,0.337,0.2258
4,500,14,0.4,2,0.9203,0.5011,0.2258
6,1000,14,0.08,1,0.8955,0.5392,0.186
6,700,14,0.06,3,0.874,0.3901,0.2114
4,700,14,0.02,3,0.821,0.3819,0.2114
4,1400,14,0.14,3,0.9202,0.3689,0.2114
6,700,14,0.4,2,0.9218,0.501,0.2258
10,500,14,0.06,3,0.8566,0.3869,0.2114
6,200,14,0.08,3,0.8243,0.4027,0.2114
6,900,14,0.08,3,0.8947,0.3847,0.2114
6,60,14,0.4,3,0.8504,0.4416,0.2114
4,800,14,0.14,2,0.9081,0.6034,0.2258
8,600,14,0.06,3,0.8638,0.3898,0.2114
8,700,14,0.14,2,0.9034,0.6067,0.2258
6,900,14,0.8,3,0.9325,0.2778,0.2114
10,300,14,0.12,3,0.8627,0.4354,0.2114
4,100,14,0.6,3,0.8917,0.2253,0.2114
8,60,14,0.04,2,0.6621,0.3766,0.2258
6,100,14,0.12,2,0.8109,0.5106,0.2258
4,20,14,0.02,2,0.27,0.0449,0.2258
10,600,14,0.4,1,0.9154,0.4616,0.186
8,100,14,0.14,1,0.8246,0.5856,0.186
10,1400,14,0.04,2,0.8819,0.5703,0.2258
4,600,14,0.12,2,0.8966,0.5323,0.2258
6,1400,14,0.14,2,0.917,0.6172,0.2258
4,300,14,0.12,2,0.8676,0.5223,0.2258
6,500,14,0.04,1,0.8446,0.581,0.186
6,1400,14,0.06,1,0.8963,0.5953,0.186
6,900,14,0.6,2,0.9277,0.521,0.2258
10,60,14,0.14,3,0.7903,0.3724,0.2114
8,20,14,0.12,3,0.6866,0.3563,0.2114
4,200,14,0.14,2,0.8575,0.5673,0.2258
10,900,14,0.12,1,0.8999,0.5865,0.186
8,1000,14,0.14,3,0.9115,0.4041,0.2114
6,400,14,0.4,1,0.9127,0.4243,0.186
6,700,14,0.06,3,0.874,0.3901,0.2114
4,1000,14,0.4,1,0.9242,0.4807,0.186
6,200,14,0.6,1,0.9075,0.3385,0.186
10,300,14,0.02,3,0.7739,0.3738,0.2114
8,800,14,0.12,3,0.9043,0.3873,0.2114
8,200,14,0.8,3,0.9188,0.2942,0.2114
8,400,14,0.4,2,0.9135,0.5626,0.2258
4,1200,14,0.1,1,0.9077,0.571,0.186
4,700,14,0.14,2,0.9036,0.6044,0.2258
8,1400,14,0.4,1,0.9247,0.4724,0.186
10,100,14,0.8,1,0.8981,0.2812,0.186
4,800,14,0.6,2,0.9288,0.4826,0.2258
8,500,14,0.4,2,0.9172,0.5645,0.2258
6,1400,14,0.08,1,0.9029,0.528,0.186
8,600,14,0.14,2,0.8986,0.6011,0.2258
4,400,14,0.8,3,0.9294,0.226,0.2114
8,400,14,0.04,3,0.8249,0.3821,0.2114
10,60,14,0.14,1,0.7949,0.5465,0.186
10,800,14,0.12,3,0.9033,0.4579,0.2114
10,200,14,0.06,1,0.8163,0.5593,0.186
10,500,14,0.4,2,0.9158,0.5983,0.2258
8,900,14,0.08,3,0.8936,0.3716,0.2114
6,1000,14,0.12,3,0.9106,0.3922,0.2114
6,1200,14,0.04,3,0.8794,0.381,0.2114
8,1400,14,0.04,3,0.8841,0.3939,0.2114
6,400,14,0.14,2,0.8841,0.5882,0.2258
6,100,14,0.04,2,0.7256,0.4328,0.2258
6,300,14,0.14,2,0.8715,0.5705,0.2258
6,900,14,0.6,3,0.9303,0.3079,0.2114
8,60,14,0.6,1,0.8613,0.3282,0.186
6,300,14,0.14,3,0.875,0.424,0.2114
8,600,14,0.08,2,0.8761,0.5847,0.2258
6,1200,14,0.02,2,0.8489,0.5794,0.2258
10,20,14,0.4,3,0.7846,0.405,0.2114
8,1400,14,0.2,2,0.9188,0.5766,0.2258
8,400,14,0.6,2,0.9207,0.5208,0.2258
8,60,14,0.06,3,0.738,0.3399,0.2114
8,20,14,0.6,3,0.8113,0.379,0.2114
4,400,14,0.14,1,0.8862,0.5659,0.186
8,800,14,0.8,1,0.9268,0.3017,0.186
8,900,14,0.6,2,0.9265,0.5197,0.2258
8,700,14,0.06,2,0.8735,0.5539,0.2258
6,60,14,0.12,3,0.7846,0.3626,0.2114
8,300,14,0.14,2,0.8736,0.5868,0.2258
6,1000,14,0.14,3,0.9132,0.4563,0.2114
8,60,14,0.08,1,0.76,0.522,0.186
8,700,14,0.12,3,0.9015,0.3896,0.2114
6,1400,14,0.8,3,0.9334,0.2714,0.2114
10,500,14,0.06,1,0.8577,0.5764,0.186
10,1000,14,0.4,2,0.9228,0.6,0.2258
4,1400,14,0.12,2,0.915,0.5462,0.2258
8,200,14,0.1,3,0.8377,0.3888,0.2114
8,400,14,0.12,3,0.8782,0.385,0.2114
4,1000,14,0.08,1,0.8975,0.5684,0.186
8,800,14,0.4,1,0.9212,0.476,0.186
6,1000,14,0.8,1,0.9286,0.3572,0.186
10,300,14,0.08,1,0.8526,0.5871,0.186
10,1400,14,0.2,2,0.9176,0.5462,0.2258
10,1400,14,0.1,1,0.9064,0.5435,0.186
6,1000,15,0.6,3,0.9339,0.5501,0.2114
4,1400,15,0.08,1,0.9202,0.5716,0.186
8,200,15,0.06,1,0.8374,0.5212,0.186
6,200,15,0.8,2,0.9261,0.2216,0.2258
10,900,15,0.1,3,0.919,0.6079,0.2114
8,300,15,0.1,1,0.8912,0.564,0.186
10,700,15,0.1,3,0.9151,0.611,0.2114
4,900,15,0.1,2,0.9178,0.5637,0.2258
10,800,15,0.06,2,0.903,0.547,0.2258
10,400,15,0.6,2,0.9271,0.41,0.2258
10,1400,15,0.1,3,0.9252,0.6145,0.2114
8,900,15,0.02,2,0.8662,0.4948,0.2258
4,1200,15,0.12,1,0.9225,0.5902,0.186
8,200,15,0.6,2,0.9229,0.5214,0.2258
8,1200,15,0.04,3,0.9068,0.6263,0.2114
6,100,15,0.8,2,0.9148,0.1832,0.2258
10,500,15,0.1,2,0.9059,0.5467,0.2258
8,600,15,0.2,1,0.9199,0.4495,0.186
6,300,15,0.08,3,0.882,0.612,0.2114
8,800,15,0.1,2,0.9149,0.5218,0.2258
8,800,15,0.1,1,0.913,0.5897,0.186
8,1200,15,0.12,2,0.9228,0.5429,0.2258
6,1200,15,0.6,2,0.9315,0.4681,0.2258
10,100,15,0.4,1,0.9002,0.5401,0.186
10,500,15,0.6,2,0.9285,0.4058,0.2258
6,800,15,0.12,1,0.9176,0.5713,0.186
4,800,15,0.1,1,0.9152,0.5522,0.186
10,1000,15,0.2,3,0.9282,0.5915,0.2114
6,100,15,0.02,1,0.7219,0.5108,0.186
6,1000,15,0.04,2,0.9003,0.5349,0.2258
8,800,15,0.06,2,0.9052,0.5494,0.2258
8,900,15,0.1,1,0.9148,0.5912,0.186
4,700,15,0.04,3,0.888,0.6149,0.2114
8,1400,15,0.08,3,0.9249,0.6367,0.2114
10,1400,15,0.12,1,0.9213,0.6212,0.186
8,600,15,0.12,3,0.9171,0.6112,0.2114
6,300,15,0.14,3,0.9045,0.6143,0.2114
8,1200,15,0.08,3,0.9229,0.6378,0.2114
10,400,15,0.4,1,0.9229,0.554,0.186
4,1400,15,0.06,1,0.9169,0.5665,0.186
8,1200,15,0.6,2,0.9312,0.5229,0.2258
8,800,15,0.4,3,0.9315,0.5425,0.2114
6,300,15,0.04,1,0.843,0.5194,0.186
8,500,15,0.4,3,0.9287,0.5338,0.2114
8,800,15,0.8,1,0.9298,0.378,0.186
10,400,15,0.06,2,0.8798,0.495,0.2258
8,700,15,0.8,2,0.9312,0.3225,0.2258
4,20,15,0.2,1,0.7811,0.508,0.186
8,900,15,0.02,3,0.869,0.6099,0.2114
8,200,15,0.6,1,0.9206,0.4215,0.186
8,200,15,0.6,2,0.9229,0.5214,0.2258
6,900,15,0.02,1,0.8706,0.5083,0.186
6,1400,15,0.4,3,0.9335,0.6354,0.2114
6,1200,15,0.02,2,0.8823,0.4993,0.2258
8,600,15,0.02,2,0.8396,0.4575,0.2258
4,1400,15,0.02,1,0.8908,0.5387,0.186
8,400,15,0.2,2,0.9154,0.5283,0.2258
8,200,15,0.14,3,0.8927,0.6269,0.2114
6,200,15,0.1,2,0.8723,0.5108,0.2258
4,200,15,0.08,2,0.8514,0.4697,0.2258
8,1200,15,0.04,2,0.9037,0.5309,0.2258
4,300,15,0.14,3,0.9059,0.6029,0.2114
4,1400,15,0.02,3,0.8885,0.6012,0.2114
4,1400,15,0.02,3,0.8885,0.6012,0.2114
4,500,15,0.06,2,0.8928,0.52,0.2258
10,300,15,0.2,3,0.914,0.5891,0.2114
10,1200,15,0.08,2,0.9163,0.5226,0.2258
4,700,15,0.08,1,0.9088,0.5578,0.186
4,20,15,0.14,2,0.7561,0.3784,0.2258
4,100,15,0.12,2,0.84,0.4805,0.2258
4,1400,15,0.8,2,0.9321,0.2281,0.2258
8,700,15,0.4,3,0.931,0.5413,0.2114
10,200,15,0.4,3,0.9193,0.5774,0.2114
6,200,15,0.2,2,0.9017,0.5606,0.2258
10,800,15,0.06,2,0.903,0.547,0.2258
8,600,15,0.06,3,0.8965,0.6165,0.2114
4,400,15,0.4,1,0.9238,0.4821,0.186
10,20,15,0.08,1,0.6867,0.5267,0.186
8,400,15,0.14,1,0.908,0.5393,0.186
10,20,15,0.1,2,0.7093,0.3677,0.2258
10,800,15,0.12,3,0.9201,0.6119,0.2114
4,1400,15,0.08,1,0.9202,0.5716,0.186
10,600,15,0.6,3,0.9319,0.5316,0.2114
4,400,15,0.4,1,0.9238,0.4821,0.186
8,400,15,0.08,1,0.8929,0.5099,0.186
4,100,15,0.8,3,0.9229,0.4991,0.2114
10,100,15,0.04,1,0.7897,0.5396,0.186
6,500,15,0.04,2,0.8751,0.495,0.2258
4,700,15,0.4,2,0.9286,0.4463,0.2258
8,1200,15,0.04,2,0.9037,0.5309,0.2258
10,600,15,0.12,1,0.9106,0.6091,0.186
8,20,15,0.6,2,0.8337,0.3513,0.2258
4,1000,15,0.02,1,0.8756,0.5287,0.186
4,600,15,0.4,1,0.9268,0.4922,0.186
4,500,15,0.1,3,0.9084,0.6281,0.2114
4,1000,15,0.8,3,0.9343,0.4944,0.2114
4,300,15,0.12,2,0.8996,0.5479,0.2258
10,700,15,0.6,1,0.9286,0.4672,0.186
8,400,15,0.2,1,0.913,0.4485,0.186
10,200,15,0.12,1,0.8801,0.5807,0.186
