min_CNLs,consensus_thres,consensus_alg,random_seed,tree,learn_rate,leaves,depth,subsample,colsample_bylevel,accuracy_train,accuracy_test
1,0.1,replacement,3,800,0.01,13,4,0.6153659109656262,0.7592385921147462,0.5507199689494119,0.32760963083084205
0,0.0,removal,2,800,0.05,4,8,0.5114641007955445,0.23793865101206824,0.8180378411997378,0.4271719136839497
1,0.0,removal,2,1000,0.08,25,10,0.9313191021783875,0.32841840998282423,0.9363001106159642,0.33435355298083
0,0.2,replacement,2,1000,0.05,10,4,0.2235782602098486,0.3360678901700609,0.7334870835438199,0.3664858455460429
1,0.1,removal,3,600,0.1,7,5,0.8066379753842594,0.5648666695351143,0.8777388762299554,0.2645859587558107
2,0.25,replacement,1,800,0.05,7,4,0.09138293327416114,0.9981444612693862,0.6907203286996633,0.3085774812170724
2,0.25,replacement,3,1000,0.08,7,10,0.8976594929010515,0.5673258357618056,0.9874125838655295,0.30230116072765567
0,0.2,replacement,3,600,0.05,10,10,0.17528591019170103,0.32451901710342534,0.8363272558353249,0.29803941705127346
3,0.0,replacement,3,600,0.05,7,5,0.04700378309028852,0.8037479674213561,0.7236974723621596,0.3734404517480251
3,0.25,removal,2,1000,0.01,7,10,0.2295112215557109,0.9523027743989447,0.7510879851499505,0.45110948080629154
0,0.2,removal,1,1000,0.05,13,8,0.44464897533727155,0.39099010973986115,0.8835535559299382,0.12636793507405697
3,0.25,replacement,1,1000,0.01,13,4,0.08069882929746419,0.946487622300404,0.5212324356683979,0.33497882349957064
3,0.0,removal,1,600,0.05,10,8,0.6705499535340358,0.925456034519486,0.8998099724405648,0.30201326784189564
3,0.25,replacement,2,600,0.05,7,7,0.5680216773148412,0.2648311172926714,0.8985679106068072,0.39859197605809915
2,0.2,removal,2,800,0.1,10,8,0.5539434277130633,0.31703597957512164,0.9418880042899945,0.23628289042389272
1,0.1,replacement,1,600,0.01,10,7,0.900145942706652,0.5013602244618705,0.6186955112585303,0.31660888055954084
1,0.25,replacement,2,1000,0.08,25,10,0.33913437355089004,0.7158864402384462,0.9618419258523111,0.2885735238495014
3,0.0,removal,3,1000,0.01,7,7,0.49011357511380593,0.06474456824614783,0.5785093792766014,0.3604738215949438
0,0.0,replacement,2,1000,0.08,7,7,0.6092626282975608,0.20075018203834127,0.8688318379289484,0.40870259731542524
1,0.2,removal,3,600,0.05,7,8,0.6956339027514873,0.8141106466039087,0.876996988425099,0.2609985258446774
3,0.2,removal,1,800,0.05,25,5,0.1468229341799292,0.42183873101275404,0.8029472169467966,0.34077163886807516
0,0.1,removal,3,1000,0.08,25,6,0.037048106416337045,0.4548362776574959,0.7403937208562037,0.2777765197044323
1,0.2,removal,3,600,0.01,7,5,0.9276230956490403,0.6846843208554465,0.5700718818702775,0.29784411951269496
0,0.2,replacement,2,600,0.05,10,5,0.660000608799842,0.6537031171821259,0.820600628646404,0.3674621680979846
1,0.25,removal,2,1000,0.08,10,7,0.10192977300425787,0.6644178876707583,0.9043744948615443,0.30872540053438957
1,0.1,replacement,1,600,0.08,25,9,0.12711402892062562,0.6633233003222683,0.819819689256416,0.28969606119981106
3,0.2,replacement,3,600,0.08,10,10,0.12752553878208706,0.6575914377758854,0.910896576116577,0.3332256321698681
3,0.2,removal,3,1000,0.08,10,10,0.3911148299032199,0.5152777042226431,0.95738889920828,0.35215178401480374
2,0.1,replacement,2,1000,0.08,10,9,0.07758259724053662,0.5581737534579243,0.8927589095388468,0.2649463793630079
2,0.1,replacement,2,1000,0.08,25,4,0.24721463714726277,0.1983546555204827,0.7977246996860395,0.3022225534430151
2,0.2,replacement,1,1000,0.08,10,6,0.9146502403366406,0.27971033984273497,0.9701453649093652,0.18937259524114136
3,0.0,removal,1,800,0.01,13,9,0.16458660144829884,0.4139261251498547,0.6816779168575562,0.3524055968247082
2,0.0,replacement,1,800,0.05,4,6,0.34997867749022027,0.9544984649467172,0.8854275013870252,0.24560368939538935
1,0.1,removal,2,1000,0.05,10,8,0.9359042442907708,0.5109770572297518,0.9096221036751222,0.3373705677890262
0,0.25,replacement,3,800,0.1,25,4,0.9846594105273387,0.5478642585660605,0.8891553362185314,0.24000581193517045
2,0.2,removal,1,800,0.08,25,4,0.6773145752241541,0.4800521612341839,0.8338857831398526,0.2144662555589253
1,0.1,replacement,3,1000,0.05,7,10,0.9231135418101823,0.056463571911367305,0.8999811169805643,0.31838479767453487
1,0.0,replacement,3,800,0.1,10,8,0.6377974843611749,0.43891968390141023,0.9353117969515207,0.25812973834940256
0,0.2,replacement,1,600,0.1,4,6,0.5317261631640939,0.656248804368279,0.939805579535213,0.1746325329810301
2,0.1,replacement,1,800,0.1,10,5,0.6619690382450243,0.7181912093878529,0.9548123458413741,0.22647300419806982
1,0.1,replacement,2,600,0.01,4,10,0.07522196085752464,0.8192845548246794,0.5727549162495942,0.3058537796092673
3,0.2,removal,1,1000,0.08,7,10,0.056445659337025944,0.22616713515101883,0.888810369445445,0.3326536940632797
0,0.0,removal,3,1000,0.08,7,7,0.2597745883373761,0.06746813361651993,0.7575648968426676,0.2915743052823394
3,0.1,removal,2,800,0.08,10,6,0.8152763498235269,0.5773877894524413,0.9326447794154135,0.40981044516140575
1,0.0,replacement,2,600,0.08,10,8,0.1669039880052221,0.5880592116179362,0.8721011415705027,0.3343642624002311
1,0.2,replacement,2,600,0.01,25,6,0.7971617460958771,0.19361690154359779,0.5558621602549509,0.2952237113476861
3,0.25,replacement,2,800,0.1,10,10,0.7640605347623601,0.24925138994995666,0.9842323260119308,0.36000493253683474
3,0.2,removal,1,600,0.05,25,6,0.9827486395167349,0.020267089964572937,0.6477713240499676,0.3090716928933924
1,0.2,removal,3,800,0.1,13,9,0.044797080698138814,0.7306614598168877,0.8789351866416263,0.2438645993435492
2,0.2,replacement,2,600,0.01,13,10,0.43101239624513443,0.5314149672488013,0.6747543463445478,0.3155545358462789
0,0.25,replacement,2,600,0.08,13,5,0.5192043290791963,0.4244346888604158,0.8456506452235237,0.34925227736907694
1,0.1,removal,1,800,0.01,25,6,0.12145915579559574,0.54323258992844,0.5961221722406147,0.33203166054382804
3,0.1,replacement,2,600,0.1,7,10,0.2639815236866865,0.2756825672062351,0.9462698966158233,0.3863572311426309
3,0.0,removal,2,800,0.01,10,7,0.6511654796355006,0.5841694341828747,0.6667710205361086,0.4643946465275689
2,0.1,replacement,1,600,0.05,25,6,0.8976070626312558,0.44992805359667054,0.8934486946408079,0.2677127393274279
3,0.2,replacement,3,600,0.01,10,8,0.4250005043064127,0.6947917609143921,0.6772701527378481,0.3514364904737083
2,0.0,replacement,1,800,0.1,25,8,0.32347077207129904,0.564577383420422,0.9391190406116057,0.23515753941378092
0,0.0,replacement,1,600,0.05,7,4,0.40405306269392205,0.7058049782338982,0.7070937459447943,0.19447331970679627
0,0.25,removal,3,600,0.01,4,7,0.9147004442332218,0.4088484860603059,0.580369549284206,0.327454002504998
2,0.0,removal,2,1000,0.1,4,8,0.8039901045011859,0.18223485463642008,0.9362908281706647,0.25869753707038223
2,0.1,replacement,2,800,0.05,7,8,0.8769515570514299,0.561062331826415,0.9593484222559424,0.27824142227769577
3,0.1,removal,1,600,0.1,13,10,0.6777847725306991,0.3582148345262881,0.9401541307003751,0.260237601227181
3,0.2,removal,2,800,0.1,25,7,0.5567231687628875,0.02128665749050418,0.7623197929780094,0.38213703970783996
1,0.0,replacement,2,800,0.01,7,10,0.42171787422549056,0.09984768654958098,0.5728915329011712,0.34676697395440104
3,0.2,removal,3,1000,0.08,7,5,0.9124766190992619,0.28247683796019807,0.9095782904798584,0.3287672476511332
0,0.25,removal,2,600,0.08,4,7,0.8576894590843609,0.1790105646878679,0.8196369214763254,0.4112408531121723
2,0.1,replacement,3,600,0.05,25,9,0.13270367283880669,0.18698923351337182,0.7841327876314087,0.3657241439898804
3,0.1,replacement,1,1000,0.01,10,6,0.217184671071182,0.9199488738841359,0.7018335220164084,0.36139642128622174
1,0.0,removal,3,800,0.08,7,5,0.712792465380911,0.8968765757288761,0.889680024368172,0.27610513511822876
0,0.1,removal,1,800,0.08,25,6,0.6010983878749856,0.25951462583221385,0.8620810882159993,0.18063221171026955
0,0.1,removal,1,1000,0.08,4,8,0.29901014058785913,0.10030205015717986,0.8196857863184982,0.20198980034774872
0,0.25,replacement,1,800,0.05,7,10,0.11053154969118162,0.3782964693476445,0.8419223135421565,0.19469774435473064
0,0.0,replacement,3,1000,0.01,7,6,0.878374012286762,0.2572764725473726,0.589299551691743,0.3344526293187271
0,0.2,removal,1,600,0.1,13,10,0.8817636089104197,0.31325204713473354,0.9065187816429213,0.1422671647027719
0,0.25,replacement,2,800,0.05,10,8,0.11188641121394505,0.012259720278876118,0.6052923391847114,0.2747901119910966
1,0.25,removal,3,1000,0.05,4,4,0.8200185710506336,0.020765584480356925,0.5567590073789492,0.2768466955211991
2,0.25,replacement,1,800,0.05,25,7,0.2662998734396249,0.2547951327583382,0.8502517009457171,0.27540064456377733
1,0.2,replacement,2,1000,0.08,7,10,0.803328995209899,0.27176605300067624,0.9793783441883475,0.2730616933868648
1,0.0,replacement,1,800,0.05,10,8,0.6756907407622861,0.31311253707611897,0.8676724847833291,0.2689671421463531
3,0.2,replacement,3,800,0.01,13,9,0.06673031413041586,0.8939120280897741,0.5988887405942664,0.3427370122876626
3,0.0,replacement,1,800,0.1,10,7,0.5598237009094875,0.6138188562057354,0.9528290299936528,0.27537554370883977
0,0.0,removal,2,600,0.05,25,6,0.5676883456454429,0.6153694438796806,0.7954566721752744,0.42382329977165323
1,0.2,replacement,3,600,0.1,13,10,0.21983669026443353,0.3939868868065366,0.9242576746381055,0.32065542303035
1,0.25,replacement,1,600,0.05,10,8,0.5830533948294341,0.9350361915328682,0.9144626234812194,0.30313117598070916
1,0.25,replacement,3,600,0.1,4,7,0.7261764684530676,0.8089950647223219,0.9642358644242409,0.2732911626569644
3,0.0,removal,1,600,0.08,25,5,0.007614352787233436,0.9481858526189002,0.5533018584504981,0.29891621990692463
2,0.25,replacement,2,600,0.05,10,5,0.5432811439593079,0.34949144934852816,0.8273756137641498,0.31684437433482193
3,0.2,removal,1,600,0.01,4,4,0.42998447970985243,0.6100703110605439,0.5352978000386204,0.32154268299716715
3,0.1,removal,3,1000,0.01,10,8,0.9924996578670424,0.5330330393697529,0.7216448905429667,0.38015971818870875
2,0.2,replacement,2,1000,0.05,10,4,0.20337482959166286,0.6772456821570791,0.7902568232800208,0.30028467165580497
0,0.1,removal,2,600,0.05,7,9,0.9267114052107919,0.10762540407317478,0.7368758349862707,0.43055922891633314
3,0.1,replacement,2,600,0.08,4,9,0.9207467910829215,0.9325016712674841,0.9773834840341964,0.3380665888972926
0,0.25,replacement,2,600,0.08,7,7,0.08557265901048705,0.11491961746884849,0.7277601891053518,0.34968945856784794
3,0.0,removal,2,800,0.01,25,4,0.7904900512375164,0.5007969728371569,0.5260241402999423,0.44054982081604255
1,0.2,removal,1,1000,0.01,7,4,0.20240503421396405,0.5062906685318942,0.5384742560463243,0.3159840253321392
3,0.1,replacement,2,800,0.05,13,9,0.7023409047213438,0.17877541130377028,0.9438583460764467,0.39133434736835115
3,0.2,removal,3,1000,0.05,10,4,0.4469241536229478,0.8230997302065859,0.8138235972043047,0.34707632937069
1,0.25,replacement,1,1000,0.01,7,6,0.37671358912009656,0.2911909795688825,0.6394323101619279,0.320901040547779
1,0.2,replacement,2,800,0.05,25,7,0.4451390591329756,0.7110563203584153,0.9116188039305863,0.3165392750045676
2,0.25,removal,3,600,0.08,13,4,0.7075199553355271,0.8837641721988954,0.8082907466230719,0.2870698870376396
0,0.0,replacement,2,1000,0.1,4,6,0.42866220629518503,0.22275553600266407,0.8661618814378097,0.4163943962763843
3,0.0,replacement,3,600,0.01,4,5,0.07819668105142763,0.010250710524420281,0.2698119609731813,0.23354908701353094
3,0.0,replacement,3,600,0.01,4,10,0.6282020942492859,0.5909272208981828,0.6696865021723795,0.35787423472858415
0,0.1,replacement,1,800,0.01,25,9,0.22874911176263635,0.6229942496627434,0.6664698977093372,0.199394813219268
2,0.0,removal,3,1000,0.01,25,9,0.9880231852350041,0.8319066653281342,0.7426584829596448,0.37575983405111346
2,0.25,replacement,1,1000,0.01,25,4,0.1885759752752718,0.4489990326926465,0.5248562960796376,0.29298142293243
1,0.2,removal,1,800,0.08,13,5,0.5656097166312648,0.6945503185192063,0.8818329630120451,0.21819132935036423
2,0.1,replacement,1,600,0.08,7,9,0.7323698739837441,0.3987732818376184,0.9633873947881822,0.21398500233781126
3,0.0,removal,3,1000,0.08,10,8,0.4822492670404954,0.12821421310730408,0.9080190305579685,0.36902122428968587
1,0.1,removal,2,1000,0.01,25,9,0.3561463340681488,0.10133742813029611,0.600789505678795,0.3510276932421058
3,0.25,removal,2,600,0.05,4,6,0.4767930857324243,0.17562814811521998,0.8059134867560958,0.4390548098114504
2,0.1,removal,2,600,0.05,10,7,0.7508808218963443,0.009077897441266192,0.5313939207600085,0.2774651029993679
3,0.0,replacement,2,800,0.05,4,8,0.03110967111881302,0.5493249097854378,0.7873206937241818,0.44759191096001016
2,0.0,removal,1,600,0.05,10,9,0.6537043268510745,0.8487164125284319,0.8897997481653945,0.24930363934698296
3,0.0,removal,2,1000,0.01,13,10,0.6006676616521749,0.05193695771882889,0.5761684758827166,0.4363875821433616
0,0.2,removal,1,800,0.05,4,5,0.537021874541149,0.2261880628295747,0.762486445667535,0.17904101228175928
0,0.1,removal,3,800,0.08,7,8,0.6770302104707577,0.9834580336836392,0.9232384197906356,0.04497831857854939
2,0.25,replacement,3,800,0.08,10,7,0.6947702907000988,0.8798355936116116,0.9747185654772743,0.3146984961848268
3,0.1,replacement,2,1000,0.1,13,10,0.19290195105261776,0.945140064965796,0.9729165439273528,0.3674535517073003
0,0.2,removal,1,600,0.01,13,6,0.35528163236440813,0.8432721925607773,0.5984452022349358,0.21083527643965816
2,0.2,removal,2,600,0.05,10,4,0.4715725653219649,0.009887030387434104,0.45511513099199297,0.24811247016898463
3,0.0,removal,2,800,0.1,25,6,0.3743175090927644,0.47909004857511284,0.9290650036842332,0.4186203056435105
2,0.1,replacement,3,1000,0.1,7,4,0.027898270515371637,0.13975965006009416,0.649550269132924,0.3763788327314689
3,0.25,replacement,2,800,0.05,10,5,0.19722617938454867,0.6145236748822365,0.819390522752234,0.3775685300187157
2,0.1,replacement,3,800,0.08,4,4,0.6003442451242178,0.654442995882486,0.8976321594294826,0.3345406199785813
0,0.2,removal,1,800,0.01,10,5,0.20175423067651432,0.9175562775617507,0.5860229885137425,0.2140478098416453
3,0.0,replacement,3,600,0.08,4,8,0.09803584006222388,0.05783897328684784,0.7625552241202438,0.36573155348830466
2,0.0,replacement,3,1000,0.1,25,6,0.45437753981139317,0.11956331250227348,0.8787042203855053,0.3177438129402712
1,0.0,replacement,1,600,0.01,13,10,0.7272454399445982,0.8690719129617042,0.6585545030324099,0.3274924105380641
0,0.1,replacement,3,1000,0.05,10,4,0.16323698163949452,0.1632765985365996,0.6957776372004971,0.31256839876123366
1,0.1,removal,2,1000,0.1,4,7,0.42654436767485415,0.681210644305652,0.9452205923316352,0.3297843478485577
3,0.1,removal,1,1000,0.1,25,4,0.09537402769096115,0.9768996133666785,0.8432711914161611,0.3131836476052521
3,0.2,replacement,1,600,0.08,7,5,0.412359974531072,0.6534337473476339,0.9070731034071218,0.36686308759242003
2,0.25,removal,3,1000,0.08,25,10,0.7991539068197238,0.8632471500782815,0.9596683657444148,0.28579109864896035
1,0.1,replacement,3,800,0.1,7,8,0.665434085699629,0.20515140308813185,0.9678099856336015,0.27453333371584787
0,0.25,replacement,3,800,0.1,25,7,0.28778011501543754,0.673608143255934,0.9096504451357387,0.24282871453920574
3,0.25,removal,2,1000,0.01,25,7,0.3130029240753296,0.16200526132146664,0.650013611497464,0.44745672955564186
2,0.0,removal,3,600,0.01,4,4,0.7080919859726096,0.5763829872629003,0.5063616281724171,0.36354720868656765
3,0.1,replacement,1,600,0.01,10,5,0.8419846643663749,0.9215628145223653,0.6255744603006481,0.341864688840393
2,0.2,removal,2,1000,0.1,4,5,0.015765187331621133,0.3013343207446997,0.7482242405078077,0.2843943835163557
1,0.1,replacement,2,1000,0.1,4,10,0.7592517428275212,0.6014086342789906,0.9909194612592077,0.27409931492874806
0,0.25,replacement,2,800,0.1,7,9,0.6516356812077164,0.1345455073444013,0.9445642098537221,0.3478786159363283
0,0.2,removal,1,600,0.1,10,6,0.002939933076291368,0.3438558049280711,0.5440733080600244,0.18437170607080167
3,0.0,replacement,2,600,0.05,4,9,0.9936238582901447,0.02149166066898034,0.658211835489349,0.42103800945962655
2,0.25,replacement,2,800,0.1,25,6,0.25990613379645544,0.3865307420691926,0.8965890612813341,0.28573757415512313
3,0.25,removal,2,1000,0.01,13,5,0.08702068332006441,0.38508654597653535,0.5899838884860753,0.44515438085670933
2,0.2,removal,1,800,0.1,7,9,0.883158327097344,0.06408245832892301,0.8770092498459487,0.2389811546549646
0,0.2,removal,2,600,0.1,4,10,0.4795448750993818,0.6416242778796235,0.9136578404697792,0.3791361719900599
0,0.0,replacement,2,800,0.01,10,6,0.707988542934332,0.9544772114316422,0.6023036922821442,0.4211739979113893
0,0.1,replacement,2,600,0.08,25,10,0.7485485198841606,0.26916746394520175,0.9405595341261938,0.34041648505150857
3,0.25,replacement,3,1000,0.01,13,9,0.781920986523422,0.7692689531441277,0.7888659641172991,0.35465240479610805
1,0.0,removal,3,1000,0.05,25,4,0.8042914699960799,0.11323687172507535,0.6837215330297057,0.3085385548103613
0,0.0,removal,3,600,0.05,7,9,0.38327819444432465,0.6660672223038808,0.8416632601433485,0.2422564975478526
3,0.0,replacement,1,1000,0.08,4,6,0.13705544214459398,0.9198616436787646,0.9249987556801881,0.2902277676893632
0,0.0,replacement,3,1000,0.01,4,8,0.5778841799971639,0.45428410920921136,0.6593310256284106,0.3325104713968623
0,0.2,replacement,1,600,0.05,7,4,0.6167875812337238,0.7084764176742611,0.7754316902408213,0.174705906379234
2,0.25,removal,2,1000,0.05,7,4,0.3235301916431834,0.8767464935986136,0.8162127813730982,0.316554826609754
3,0.25,removal,3,1000,0.08,7,10,0.9046856935845291,0.8963785713564221,0.966552346546167,0.28842215891987266
3,0.25,replacement,2,600,0.08,7,9,0.1426510538011887,0.24866645836206525,0.8894986410594571,0.3985559474484135
3,0.25,removal,3,800,0.1,25,5,0.8607863277132823,0.7030840317360876,0.9290670269129648,0.28358286478059935
1,0.25,replacement,1,1000,0.01,10,6,0.5250773845106427,0.9728195898305028,0.6944853859934561,0.33135764525916866
2,0.1,removal,1,800,0.01,13,4,0.993225536410604,0.36113888703073105,0.5405115563746207,0.3116824829317222
3,0.25,removal,2,1000,0.05,25,8,0.5320033806543514,0.704322731671734,0.9367641930620795,0.39565969881154983
2,0.0,removal,3,800,0.01,13,7,0.29920257515271254,0.07712439844707242,0.5410014560606369,0.35621178453182345
1,0.2,replacement,1,600,0.05,13,10,0.4725369637208039,0.23044821639125512,0.892361324551304,0.2954825755450129
2,0.0,replacement,2,800,0.08,7,8,0.9520119701013579,0.8007395796017878,0.9471517748497359,0.20843349313525228
2,0.1,removal,2,800,0.01,7,4,0.24388770525506165,0.6773026593314604,0.5362233409042518,0.3343527333520898
0,0.25,replacement,2,600,0.1,10,4,0.8239315340266369,0.744363863785628,0.8528888476925571,0.3361938939815885
1,0.0,removal,2,1000,0.05,4,10,0.896354188333758,0.5026175268233664,0.9143402089152226,0.3410681163884961
0,0.0,replacement,2,800,0.01,25,9,0.36942090647542813,0.1842674204391248,0.5766108056786168,0.41821949612638587
3,0.2,replacement,1,1000,0.1,4,7,0.8148128047488732,0.8877835678124899,0.992406597986063,0.34987121775493824
3,0.2,removal,1,1000,0.1,10,6,0.6990918892762277,0.8482672909742603,0.9635288640108384,0.22693430140061466
3,0.0,removal,3,600,0.01,4,6,0.8894697402932727,0.4982369911395528,0.6114227008647863,0.35793365349390616
0,0.2,removal,1,800,0.01,4,9,0.6466537033094248,0.9872748120568664,0.6949408895750591,0.19760846000274246
2,0.2,replacement,3,800,0.05,13,10,0.09128332179274867,0.8103836195072411,0.8491334808339277,0.34201845411833653
0,0.2,removal,2,1000,0.01,4,10,0.4303887216849147,0.4744971685373234,0.6767006598499461,0.428315950681046
2,0.2,removal,1,600,0.05,10,6,0.5794839291583431,0.09713611751689832,0.7583331151301913,0.29380633049676463
2,0.0,replacement,1,600,0.05,13,10,0.3335757562295534,0.15143667308831277,0.8202743669735746,0.3079702450637456
2,0.2,replacement,2,1000,0.01,10,10,0.8471467418847718,0.8893021617303696,0.7920352423585015,0.3173550878862955
0,0.25,removal,1,1000,0.1,10,6,0.30507123347492415,0.9270695236265358,0.9269453121757331,0.06899328057057907
3,0.2,replacement,3,800,0.08,10,8,0.13117769476039132,0.9713588881079438,0.9241873827953208,0.3433347936298814
1,0.0,removal,1,800,0.05,7,4,0.01033313034648664,0.868038198269925,0.5607515721094181,0.3096940641567085
1,0.0,replacement,1,800,0.05,7,7,0.4352959300847119,0.8974173867751332,0.885365075032739,0.27306448957703866
1,0.0,removal,2,1000,0.1,13,8,0.7205465298555149,0.6321255273882194,0.953708732514899,0.31727907366123176
0,0.1,replacement,1,1000,0.05,7,8,0.6842792589906599,0.8194937304706769,0.9570400897944391,0.17854266789256956
2,0.1,removal,1,600,0.1,7,4,0.013692079557967363,0.2461537869710715,0.6206533641237698,0.2937036037639701
3,0.1,replacement,3,800,0.08,25,5,0.12171241282471179,0.21472527425664967,0.7487767868642512,0.3374961624327162
1,0.25,replacement,2,600,0.08,10,8,0.10116447912976345,0.5216554617471623,0.8288527689591993,0.31005920483604954
3,0.2,removal,2,1000,0.05,7,10,0.8968274995145038,0.27172958803155134,0.9255169442686135,0.43499194621389836
1,0.25,removal,3,800,0.01,13,7,0.4063130669474624,0.309329834462134,0.6394544942662663,0.3136974399908409
2,0.2,removal,1,600,0.1,10,8,0.057737986523792584,0.6226965778170839,0.8778066555084916,0.20877515564988058
3,0.1,replacement,3,1000,0.1,13,9,0.16446361117965624,0.3081239793135173,0.9542399498932745,0.34119982347979094
0,0.1,removal,3,1000,0.01,25,6,0.35897763432464824,0.16688854079732285,0.5631511047059652,0.33169464635069845
1,0.2,removal,3,800,0.08,25,8,0.4522547007009916,0.9557475495684533,0.9372543387555281,0.22982949938394848
0,0.0,removal,1,800,0.05,25,6,0.8804356640513167,0.2090508434045515,0.8043691297328175,0.19308861061697402
3,0.0,removal,3,1000,0.05,7,7,0.40016852512430967,0.683066834499197,0.920176801405499,0.36790564988321595
1,0.1,replacement,1,1000,0.05,10,5,0.9241462009889712,0.7262369167702005,0.9229399616403042,0.2972971275544637
2,0.25,removal,2,600,0.01,4,10,0.6233715527535908,0.6492430130162041,0.6813601453154302,0.3415242547757943
2,0.25,replacement,2,1000,0.08,13,7,0.7643545284378428,0.5578800724282607,0.9796894038581909,0.25742999408617684
2,0.2,replacement,1,800,0.05,7,9,0.4698493610708008,0.10213480917090445,0.8959251388808858,0.2650436883582533
3,0.1,removal,2,800,0.1,4,6,0.2778024810504378,0.23538758522049608,0.9019322157019878,0.4260143815488354
3,0.1,replacement,3,800,0.08,25,5,0.4752594465216995,0.36324867917249604,0.9119422938882553,0.34495184830290226
1,0.25,replacement,2,1000,0.1,4,7,0.12778971776028647,0.5231590603561074,0.9234605609013338,0.2795175252717359
3,0.2,replacement,3,800,0.01,7,4,0.49564718905908567,0.8203660147892153,0.58935329328067,0.3348860717285036
0,0.25,replacement,3,1000,0.1,13,9,0.3959590293584716,0.4335817751521338,0.9664803268504065,0.21399192471602735
3,0.0,replacement,3,1000,0.01,13,4,0.24389875261536642,0.9454109991023201,0.5811932411784786,0.349658803330546
0,0.1,removal,3,1000,0.1,10,9,0.2609674815436085,0.7908000416291043,0.9355823789064394,0.021702000862249715
3,0.2,removal,2,600,0.1,7,8,0.45587509861052267,0.3605127063161766,0.9300628142468895,0.38527947908230353
0,0.1,replacement,2,800,0.01,13,4,0.7380989564509419,0.3159588665302442,0.5091830102650285,0.321604699343341
2,0.1,replacement,3,800,0.1,7,10,0.4415752075276713,0.6285887507074355,0.9831211224912573,0.3158800593222125
3,0.25,removal,1,800,0.05,10,10,0.4998695272453202,0.7336674149649483,0.9326709736983747,0.26305189339480706
3,0.25,replacement,1,1000,0.05,10,10,0.8895635463984326,0.25840950653144557,0.9675174649314787,0.36110752038861393
0,0.2,replacement,3,800,0.08,25,9,0.038739929307463505,0.30523822938738965,0.6750820142536192,0.2795613837562786
2,0.25,replacement,3,1000,0.05,13,4,0.33291102778413273,0.7212544130385388,0.8273911588264561,0.33685333919028715
3,0.1,replacement,3,1000,0.01,10,8,0.34781602750403273,0.010894003790231643,0.5031639560398167,0.25996221503025474
3,0.1,removal,2,600,0.05,7,10,0.27698083263407525,0.9151986069170142,0.8925438764262691,0.430505839048148
2,0.1,removal,1,1000,0.1,13,9,0.7155441949879464,0.09952085566734326,0.9149220904258533,0.2384711324811849
1,0.1,removal,3,600,0.08,25,5,0.7381228947049607,0.7127624297448016,0.8545737127326474,0.2695190521207057
3,0.25,replacement,2,1000,0.01,10,5,0.016907283471448542,0.5874767650029862,0.3937127856464361,0.3621277179065039
1,0.2,removal,2,1000,0.08,25,4,0.36002841901897353,0.5784339941781036,0.8266368108939243,0.3060859520292647
3,0.25,removal,3,600,0.1,7,10,0.7230157024170893,0.23393217729095217,0.9346978598732947,0.30216951291740723
3,0.1,removal,3,800,0.1,25,9,0.8872373762238892,0.07910708359511465,0.9000676981739584,0.3164738053709205
1,0.1,removal,2,600,0.05,25,4,0.8143632493597839,0.953949627573178,0.7250646668217531,0.3494831813234034
0,0.2,removal,2,800,0.01,7,4,0.26840439678505557,0.19185698151374053,0.4415190438977562,0.37899460750809355
1,0.25,removal,2,1000,0.05,13,5,0.5857008897817086,0.40910997490520096,0.8339732960168745,0.32844816522998854
3,0.2,removal,2,1000,0.01,10,10,0.5403388868459666,0.5787221159687963,0.7432393268177184,0.46170171228879187
1,0.2,removal,1,800,0.1,25,8,0.7944217366440443,0.1272325712261111,0.8887099526034906,0.23474456920430853
0,0.2,replacement,3,800,0.1,25,5,0.6698403846496144,0.3902252130337973,0.9114681712164711,0.2640360483353116
1,0.25,removal,2,1000,0.01,25,9,0.33335300491222664,0.290537233358918,0.6814452044364023,0.3550803553330234
2,0.1,replacement,3,1000,0.01,13,8,0.6509238260350598,0.371842481954491,0.7550771219192125,0.3785971420473718
1,0.2,removal,2,600,0.01,25,5,0.36132747372970986,0.7328051998415046,0.5506548377115192,0.35518455082392975
1,0.0,removal,2,1000,0.05,7,7,0.20055011101984888,0.18756772847095626,0.8172592027649008,0.36539572272379783
1,0.25,removal,2,800,0.1,10,8,0.8240077769939906,0.6464218556120396,0.9496078877960871,0.27666617895144596
1,0.2,replacement,2,800,0.05,4,7,0.6906554958059006,0.5329363002077065,0.9309218101376046,0.3142190063977939
2,0.0,removal,3,1000,0.08,25,6,0.004592816617271511,0.7326723433177749,0.5667617650601141,0.34871352470848715
3,0.25,replacement,3,600,0.1,7,10,0.0664498852066484,0.2833906472554688,0.8671861200733058,0.35765963544402823
1,0.2,replacement,2,1000,0.1,4,4,0.6344172037591567,0.6955501013379943,0.9186332271980393,0.3003449925508924
3,0.0,removal,3,600,0.05,13,10,0.14668366953667555,0.27883659349653755,0.8357044233154316,0.37297711283847146
1,0.0,removal,2,1000,0.08,4,8,0.6572684267216105,0.13084170347812352,0.8812978679517474,0.33337292084061443
3,0.1,removal,2,600,0.08,13,10,0.7487665840182498,0.3461969884768408,0.9227370548585819,0.4212933597507701
0,0.1,replacement,3,800,0.05,7,6,0.7620607764362684,0.3674873395275551,0.9093282961731441,0.291798225063053
0,0.2,replacement,2,800,0.1,10,4,0.0723927095604815,0.9275728056849515,0.6862696451797073,0.3608846888713172
0,0.2,removal,3,600,0.1,13,9,0.4351466461138642,0.7455802288937325,0.9159766210044762,0.10870910271435419
2,0.0,removal,1,600,0.1,4,4,0.03583323039738051,0.8929684158033153,0.7259477728679284,0.2548521029766091
2,0.2,replacement,3,1000,0.08,4,10,0.5371142773360811,0.8439558594543421,0.9871377828571408,0.32552171748627046
2,0.1,replacement,1,800,0.1,10,5,0.7981081313323823,0.9293825216618221,0.9618710236853407,0.20436337196785392
1,0.25,removal,3,800,0.01,13,5,0.9927915753446315,0.9486422973507089,0.6140640524236723,0.2899248258020356
3,0.1,replacement,3,600,0.05,13,9,0.21338208404694892,0.17554193034765486,0.8602303533314417,0.35866145158243323
3,0.25,removal,3,600,0.05,4,4,0.1041670360965894,0.8028755701169932,0.722777752127106,0.33967523641530806
2,0.0,replacement,3,1000,0.1,4,10,0.24550928809729222,0.3944792034341331,0.9409012896239846,0.31765387066521145
2,0.2,replacement,2,1000,0.1,7,4,0.39236010771769014,0.4587289445780949,0.9033321939853844,0.2631202329587531
1,0.25,replacement,1,1000,0.05,4,5,0.2628168340189332,0.7417457932668441,0.8512482658704111,0.2990225773326616
3,0.1,replacement,3,600,0.05,10,10,0.9062160485189057,0.6490148858811857,0.9519769378024445,0.3370769926794549
3,0.1,removal,1,600,0.01,7,7,0.1036888338466635,0.9690044060104355,0.640998428738291,0.31479734308375984
0,0.1,removal,3,600,0.01,4,10,0.23548546255600322,0.49706017226854615,0.6114695476221341,0.3314568359597799
0,0.2,replacement,1,800,0.08,25,7,0.8922291266148712,0.02166953118858861,0.7988563740305575,0.19007033128095485
0,0.25,replacement,1,800,0.08,4,7,0.21055649003712396,0.2075395608787951,0.8834122867437784,0.19541568151952704
3,0.2,removal,1,1000,0.05,10,9,0.48393829019141,0.1534036637061531,0.9004580324993933,0.2954152127209958
1,0.2,replacement,1,600,0.01,10,5,0.040844661701258334,0.6383380016921512,0.4063787764017355,0.28646382295094597
2,0.1,replacement,3,600,0.08,10,5,0.2010337788668477,0.7568042415066456,0.8528430338382146,0.3510437194314997
2,0.2,replacement,1,1000,0.01,13,4,0.5668363533711449,0.1305355437633049,0.5340361642206404,0.29195126135303806
1,0.25,replacement,2,1000,0.1,10,5,0.7164690024188656,0.17336941597088318,0.927195503578623,0.30111881184682143
2,0.2,removal,3,800,0.05,10,9,0.8889463129898845,0.22620132586490893,0.8851178946996501,0.31752755258783916
3,0.2,replacement,2,1000,0.05,10,9,0.06794504289521108,0.006328728113125459,0.5641001806685313,0.3311559559688876
0,0.2,removal,3,800,0.08,4,8,0.5123440335714784,0.9004530244075244,0.9234570679322103,0.07364198856048687
1,0.0,removal,3,600,0.05,25,4,0.6085620613605691,0.07772056387146131,0.5823657368929019,0.3217219651006725
1,0.25,removal,2,600,0.08,4,8,0.6112348735025781,0.7305292387991238,0.918903995980447,0.2953645612531932
3,0.25,removal,2,800,0.08,7,7,0.0544621885958696,0.033536565197281654,0.7387625323722242,0.3988231865622375
2,0.1,removal,3,800,0.1,4,9,0.3674869589742846,0.5697811426483799,0.9427892077240222,0.27388877000153355
3,0.25,replacement,1,600,0.1,7,7,0.8906301292801377,0.1661655519010019,0.9622721647717796,0.3569943976992279
1,0.2,replacement,3,800,0.01,7,4,0.7219730265419031,0.5624977174427037,0.5377026684155006,0.32779086815268776
2,0.2,removal,2,1000,0.05,10,5,0.40003204576570117,0.038778201385227806,0.6823835077257565,0.2927719164997479
3,0.25,replacement,2,800,0.08,13,9,0.7732282196234861,0.23670620097170736,0.974501249319116,0.38493606112177836
3,0.2,replacement,2,800,0.08,25,8,0.8971424338770111,0.7854882998520862,0.9828440644538877,0.3557436385125028
1,0.1,replacement,2,600,0.01,25,10,0.2937165923551308,0.4847330189137742,0.6382969043827142,0.3168492577174412
2,0.2,removal,2,800,0.01,25,10,0.5161922886638173,0.6829632093963758,0.7132823675591521,0.34003892333546637
1,0.0,removal,1,600,0.1,13,8,0.918323919908548,0.011888118315939389,0.6245635558474982,0.2584867245586516
1,0.1,replacement,2,800,0.08,10,7,0.4972813056364418,0.19990447178451465,0.934551904948355,0.311322776407036
0,0.0,removal,2,800,0.05,7,9,0.2632237872631482,0.09729314608860906,0.736090362049493,0.42914857239655446
2,0.0,replacement,3,600,0.01,7,9,0.2970477226098409,0.3587890416019657,0.6358861344571618,0.38137586259098644
3,0.2,replacement,2,800,0.08,13,8,0.3542317211254111,0.11930035782818527,0.9341733836371899,0.36884218675616687
3,0.25,removal,1,600,0.1,4,5,0.3064849401827803,0.5905258248520038,0.8955954919381077,0.2847174210189364
2,0.1,replacement,1,1000,0.1,4,8,0.9595263507011809,0.2917074021366661,0.9893469240573503,0.18192668339014317
1,0.0,replacement,3,600,0.1,4,7,0.4157498757699416,0.7431537317131398,0.9162215074915971,0.26306291739515375
1,0.25,removal,1,600,0.1,4,9,0.49727895699482794,0.590862367206952,0.9315914584386908,0.2553906766690488
0,0.25,removal,1,600,0.01,10,8,0.13325741380024203,0.5234054017420668,0.6127004582372645,0.21996293148218937
2,0.2,replacement,2,1000,0.1,13,8,0.11885969868618296,0.21089832785219653,0.9000939623841837,0.23015474031673977
2,0.0,replacement,3,800,0.01,10,5,0.9869684129937826,0.5061181652038094,0.6007479456432889,0.3781352430661543
0,0.1,replacement,2,800,0.05,13,4,0.28077342155016694,0.7260092181689026,0.7437532581667258,0.3654595605212808
3,0.0,removal,1,1000,0.05,10,9,0.38278093761466736,0.20967750296784482,0.8999910502048469,0.3177886915218925
1,0.25,removal,1,800,0.01,25,6,0.6750695665235222,0.6074097358730866,0.6307284792420951,0.3249549569200324
3,0.25,replacement,1,800,0.08,25,5,0.39025383730897856,0.9334908396355077,0.9108631823322207,0.360789528354842
2,0.1,removal,3,1000,0.1,13,6,0.0734756531513967,0.7788010642260765,0.892052762640418,0.31345756732059216
3,0.0,replacement,3,600,0.01,7,9,0.9219751490761809,0.006879554860603321,0.2906000765410147,0.24905635815805427
1,0.1,removal,3,800,0.01,10,6,0.5003259372066691,0.34379294408705174,0.6109431887252074,0.31396129239776305
2,0.25,removal,2,600,0.1,7,5,0.5713261180630156,0.5501774722274535,0.8881716787387222,0.2592626292852295
2,0.25,replacement,3,800,0.05,13,9,0.6755145078592388,0.15601913746279372,0.9290152395021966,0.3349637879135766
3,0.0,replacement,1,800,0.05,25,9,0.5291615924441997,0.5979703636018365,0.9187177148341028,0.2941115379840018
3,0.1,replacement,1,1000,0.08,7,9,0.004791198587140499,0.8213126204074934,0.6203245734634626,0.31484847877109534
1,0.2,replacement,3,800,0.01,25,8,0.779427300175966,0.649117925137654,0.6855430877566742,0.33543000607669216
1,0.25,removal,3,600,0.08,25,4,0.9901177462277073,0.6631781431560888,0.7942943966701452,0.24021864357383915
1,0.0,replacement,1,600,0.1,10,4,0.7679591439548334,0.8914854941283217,0.8175352787327408,0.26943637878252147
1,0.2,removal,1,600,0.01,13,7,0.1306990176933438,0.9318983939271515,0.6170629475509205,0.319869247246963
2,0.0,removal,3,800,0.05,13,10,0.32996184583512744,0.4083886945398778,0.8915033882489796,0.3227988343585474
1,0.1,replacement,2,1000,0.1,13,9,0.05961436462456016,0.9141544025066564,0.8397593778223992,0.2826892759375882
3,0.0,replacement,1,600,0.1,25,5,0.057615127986631265,0.18767110948309962,0.740537811015288,0.3352196386882641
2,0.1,replacement,3,600,0.1,13,9,0.9368340669457702,0.02338130714367237,0.870098226024869,0.2896708830824518
3,0.2,removal,2,800,0.01,4,5,0.8997366608370243,0.7215624123548114,0.6119438531499353,0.4583038538885399
0,0.25,removal,2,1000,0.08,4,9,0.7736170585852511,0.921330091045482,0.9353701988394507,0.35551626137140824
1,0.25,replacement,1,600,0.05,13,10,0.2667990315479494,0.4325467256179587,0.8762576145639477,0.2960384467882119
3,0.1,removal,2,800,0.05,4,4,0.5790130002988112,0.8382217348359813,0.7874366734528027,0.44868442946337994
2,0.2,removal,2,1000,0.05,13,4,0.12085269626499118,0.49463185994233916,0.7606549383114294,0.3035976649298713
3,0.1,removal,3,600,0.08,13,9,0.4540660395017355,0.7176545167306301,0.9298120816966559,0.3759215968752696
2,0.2,replacement,3,600,0.08,10,10,0.34449958779488976,0.8299330207749773,0.9582185389630857,0.3196721014166445
1,0.25,replacement,1,1000,0.1,4,10,0.8367234619272426,0.366211921900067,0.9873565855461834,0.24499423415360555
2,0.25,removal,2,600,0.1,7,6,0.749715687036411,0.7151371117272054,0.9294997511665292,0.2459424462786649
1,0.0,replacement,1,600,0.01,10,8,0.6774111920374919,0.6248246077350137,0.6270762349892631,0.3335264384996577
1,0.1,removal,2,1000,0.05,10,8,0.6698135570616888,0.868504386816686,0.9188336274574298,0.32746393236141025
1,0.2,replacement,3,1000,0.08,13,8,0.02647892754851844,0.19027563625141042,0.6658371898986661,0.3256676329919713
1,0.1,removal,1,600,0.1,7,6,0.9454453824352478,0.5784466038839666,0.9049355090782192,0.2417540544379393
1,0.0,replacement,2,600,0.08,25,8,0.5591855418286997,0.9689236346259995,0.9119983166028618,0.31132910030938366
1,0.2,removal,2,800,0.08,10,8,0.7897099968014654,0.20003907903942797,0.9009095196625938,0.3167532796399477
2,0.1,removal,1,600,0.05,4,10,0.3238054425717427,0.3717477353981984,0.8642768585951105,0.2715630413636413
1,0.0,replacement,3,1000,0.05,7,9,0.7708739896455519,0.9136908177715615,0.9224478209527806,0.26473068315696613
1,0.1,removal,1,600,0.05,4,10,0.9932413133763389,0.8785354383135333,0.8815937446103272,0.24735068524406167
1,0.2,removal,1,800,0.08,25,6,0.6162995413246544,0.1319683917434784,0.8369932915941373,0.25859529102231693
1,0.1,removal,1,1000,0.01,13,7,0.4535759123925731,0.5997703288973357,0.6752191474321115,0.32757018841372576
2,0.25,removal,3,600,0.08,10,7,0.6691155912866416,0.674739752136504,0.9172140988160672,0.29435483543868624
3,0.2,replacement,3,1000,0.05,25,5,0.8698898873992398,0.12334404628806706,0.8851013272599606,0.3624130129871497
1,0.1,removal,1,1000,0.1,4,8,0.48312224005863413,0.7213159888252934,0.9531951806243758,0.16998243381419464
2,0.25,replacement,1,600,0.08,4,5,0.33735106852425223,0.03243546418169174,0.7202850527282253,0.2657468763177461
3,0.2,removal,3,1000,0.1,7,8,0.9231899462386353,0.7338305686752673,0.9695242140429405,0.3288142625884549
2,0.1,replacement,1,1000,0.05,13,6,0.43103342977597947,0.9107803514044426,0.9329869205488706,0.2218230516447206
1,0.0,replacement,2,800,0.08,25,4,0.8832357889464988,0.19817047938077148,0.7595102207023556,0.3440857266504772
0,0.25,replacement,3,1000,0.08,10,7,0.011468484133209333,0.3056901508786831,0.6104835433676259,0.27496192916433604
1,0.0,replacement,1,800,0.05,10,10,0.7280848045876198,0.8051431879219875,0.9033007137934771,0.2579822976575842
2,0.25,removal,3,600,0.01,13,6,0.19547177874641863,0.6703069940058703,0.6172775103653888,0.3682866821794404
0,0.2,replacement,3,600,0.05,25,10,0.40604640279075843,0.3538193502142446,0.8823449343853309,0.28258203396249537
0,0.2,replacement,2,1000,0.1,10,5,0.4447732911357747,0.010676937195027714,0.6805623791245989,0.2864894124713917
1,0.25,removal,3,1000,0.05,25,7,0.9103423231170342,0.05139205451573359,0.7581967336659475,0.2630868304579874
2,0.2,removal,3,600,0.1,7,6,0.025993539686800293,0.8542131699206361,0.7974025246243959,0.3333588262552156
0,0.1,replacement,3,800,0.05,4,8,0.12608978376841762,0.48503153720637804,0.8432525295710764,0.2973433527433679
3,0.2,replacement,3,1000,0.1,10,5,0.639495712459978,0.9922924286754158,0.9746505310405893,0.35105611099480727
0,0.1,removal,1,600,0.1,10,7,0.4629917687843603,0.07843420626213793,0.7658993454445688,0.20765448241481477
1,0.2,removal,3,800,0.08,4,7,0.6023743986112466,0.8468597440176344,0.9322332590765464,0.21020573001631093
0,0.0,replacement,2,800,0.08,4,5,0.5190959066318468,0.5896922987220388,0.8453716771764869,0.4077764455840902
3,0.0,removal,3,800,0.01,7,4,0.5826074627963798,0.2195109566771447,0.5226473751803974,0.34795870329574785
2,0.2,replacement,3,800,0.1,10,7,0.3821690447108672,0.38402922366203196,0.9649191686020923,0.31518270567685747
1,0.1,replacement,3,600,0.08,7,9,0.6261504848098771,0.43343358690859124,0.9541966699675398,0.29468486518529824
3,0.2,replacement,3,800,0.1,13,9,0.9235088670877212,0.08234740831969778,0.9712450390734005,0.32606133047220365
1,0.2,replacement,1,600,0.01,7,9,0.5223097816490201,0.5666428981345324,0.6386279126958627,0.32610546446870226
3,0.1,replacement,3,600,0.01,7,10,0.7344817979039548,0.1125502487970369,0.6139068035823257,0.33552823817868194
1,0.25,replacement,1,800,0.08,7,10,0.6157891392340151,0.36272262599310867,0.9659298363565383,0.2646996830585907
0,0.25,replacement,2,600,0.1,7,10,0.8541594135755306,0.3195984548297168,0.9585665233091529,0.34871484194117675
3,0.1,replacement,2,1000,0.05,7,4,0.5656332300677067,0.17630028433951583,0.8312098329108595,0.3686975131083351
0,0.25,removal,2,1000,0.01,10,6,0.05808491331953003,0.32032484296684505,0.5524153801603334,0.4125647574566793
3,0.0,removal,2,800,0.1,13,4,0.3765648353147033,0.6784146325608937,0.855539613374677,0.4182416455848572
0,0.1,removal,1,600,0.1,25,4,0.8256071536408154,0.28595363922655226,0.7633392048809455,0.18726743187104677
1,0.1,removal,1,600,0.08,10,6,0.4169694080328812,0.5914258244182473,0.8733087335172106,0.2549262174434369
0,0.0,removal,1,800,0.05,10,7,0.3421728234450838,0.12235214418142792,0.7548804988967747,0.22366913923212595
0,0.2,removal,3,800,0.05,25,7,0.5168432823200928,0.2559640143979445,0.8269520436634712,0.24503910922852423
0,0.1,replacement,3,600,0.1,13,6,0.44004105942966865,0.7777054129213328,0.9301054154864485,0.2632499233234846
2,0.2,replacement,3,800,0.1,10,10,0.5981854505658892,0.43815494095296037,0.9837494298430639,0.2998978168580867
0,0.0,removal,3,800,0.05,25,10,0.3799974496094696,0.34265320697299795,0.857301906061774,0.21893837223808066
2,0.0,removal,1,600,0.08,7,4,0.6813416063471935,0.6438350947249325,0.804742436846956,0.27058722464341745
0,0.1,replacement,2,600,0.08,4,4,0.2924405940866699,0.9199987780146317,0.788759690285344,0.3604431326932581
2,0.25,removal,2,800,0.1,7,4,0.5009439588937101,0.44934406912177227,0.8550955409524823,0.29401038761445675
1,0.2,replacement,2,800,0.05,4,9,0.926844802151028,0.6375210674193663,0.9544601168484603,0.29839498995712344
1,0.1,replacement,2,1000,0.01,7,6,0.5039643524618724,0.7003585505317369,0.6969703300593239,0.32317560877419205
2,0.1,removal,2,800,0.1,13,6,0.3806001110937993,0.39579191735320873,0.9211500402948476,0.2252675704241789
1,0.2,replacement,1,800,0.01,7,5,0.0912142213454834,0.4869510554555636,0.49359362492078485,0.3026998968080402
3,0.1,removal,3,600,0.01,25,9,0.000981025843896255,0.8987754110074624,0.2969023491831839,0.291500467542005
3,0.25,removal,1,1000,0.01,13,8,0.8912455452512411,0.20909523924444162,0.7047779764830702,0.35195689019122545
1,0.1,removal,2,600,0.05,13,6,0.9228415735757503,0.8755725595362527,0.8368068054694404,0.3566348093031476
3,0.0,removal,2,600,0.05,10,4,0.2595807865879938,0.1438173020609761,0.6491567426115005,0.44820530229950806
0,0.0,removal,2,1000,0.1,13,6,0.9961416511401711,0.7368566148379299,0.9281703339695498,0.3522379515828027
0,0.2,removal,1,1000,0.05,10,6,0.8664169133299777,0.44931381875384546,0.8747663997827277,0.15743363577837122
0,0.0,replacement,1,1000,0.05,4,5,0.34747888862803,0.38272760775634174,0.8072317093715461,0.1876647227884336
3,0.25,removal,2,800,0.05,25,7,0.06651362832220475,0.04482350010745906,0.7031817449007813,0.43006341468907205
2,0.1,replacement,1,1000,0.1,25,7,0.29998160374959926,0.05244917725100473,0.8799648203920754,0.21464451308418253
2,0.2,removal,3,1000,0.08,25,8,0.34165809193189123,0.08667605142977686,0.8700692812561941,0.31407582033556836
0,0.2,replacement,1,1000,0.01,4,6,0.2983930096199885,0.7650706756780326,0.6761706943000341,0.19569928021898664
2,0.25,removal,1,1000,0.08,10,10,0.652204526636905,0.16038511761438912,0.9344463711638997,0.196418146254963
2,0.25,replacement,2,1000,0.1,10,8,0.06299295803679428,0.8616827342971913,0.860245430246538,0.2682121424402092
0,0.2,replacement,2,600,0.08,25,4,0.5230198137286068,0.4953503798527885,0.7850032298696848,0.3576756175974418
3,0.25,replacement,3,1000,0.05,4,6,0.8107070231281412,0.5352475377928809,0.9531540869177139,0.3365092124529051
3,0.25,replacement,2,800,0.1,7,9,0.6298992225799791,0.3540206865339588,0.9835741673694604,0.38912703648468017
0,0.1,removal,1,600,0.01,25,4,0.3089021069050364,0.3987637393811032,0.4739980166565255,0.21526909572304898
3,0.1,removal,3,800,0.01,10,6,0.5033311288047455,0.6508183808193821,0.657923168576992,0.362171591481952
0,0.2,removal,2,800,0.1,4,9,0.44975957498309116,0.6811616868209016,0.9289248693982998,0.391338101241151
2,0.0,removal,2,800,0.1,10,4,0.6056412047220219,0.04496920913890823,0.6832780341698363,0.3009234208684295
3,0.1,replacement,2,600,0.05,4,10,0.5206889182189924,0.6347055927994432,0.938932841355429,0.38707027103769265
3,0.25,replacement,1,1000,0.01,13,8,0.21754483785279577,0.22428809806525463,0.7010051429482069,0.35528764444895
0,0.0,removal,2,600,0.01,10,7,0.26954305878843976,0.8033286550197707,0.5781774072504091,0.41569144982961326
0,0.0,replacement,1,1000,0.01,7,6,0.7918549844576552,0.8010141090445435,0.6602847403655425,0.20720834279213796
0,0.1,removal,3,1000,0.05,25,10,0.8174541729025322,0.5703467538445468,0.904194864412372,0.14697410282184908
2,0.2,removal,3,800,0.1,4,8,0.3941226870930321,0.04463800593360623,0.8204541869716705,0.2876851657143398
0,0.2,replacement,3,600,0.1,25,5,0.9759606029990067,0.46033630590152774,0.9088571087757206,0.27007618165103486
2,0.1,replacement,1,800,0.01,7,10,0.13457011692140952,0.274739873133264,0.6371922818938762,0.30347424065779205
1,0.25,replacement,1,1000,0.01,7,7,0.6269067793150171,0.9192946490722802,0.7218559447460776,0.3336366699889902
1,0.0,removal,1,1000,0.05,10,9,0.30358800891238347,0.1163547486186498,0.8246054677017299,0.26967216542699934
0,0.1,replacement,2,600,0.05,7,5,0.9137316755140437,0.4655478663282695,0.8342597922834336,0.35769087463872873
3,0.1,replacement,3,600,0.05,25,4,0.8824143977321655,0.11972973255225616,0.7573198258814848,0.34922726068571763
0,0.25,replacement,2,600,0.01,25,10,0.20819810223870805,0.8714368798789875,0.6042721921036007,0.3555113325713328
3,0.2,removal,1,600,0.1,25,4,0.8095041314826499,0.5515246125110214,0.843286311102899,0.3030366993415413
3,0.25,removal,3,1000,0.1,7,8,0.8088684207924812,0.016212185994153305,0.7875596571213143,0.2823483595128661
0,0.25,removal,3,600,0.08,25,10,0.17717635032028078,0.5379104515866058,0.874891517746091,0.1570486558129256
3,0.2,removal,3,1000,0.08,10,8,0.9388451532384894,0.7120307184044952,0.9611348198812688,0.3157517131406523
3,0.2,removal,1,600,0.1,25,10,0.39664048031960575,0.3115775938945282,0.9348970030185589,0.3033211782160462
0,0.2,removal,1,800,0.08,7,8,0.37958271189905446,0.25268527582706146,0.8807168731825208,0.15911090985601994
1,0.2,removal,2,1000,0.08,25,8,0.3833105988084011,0.13709520631794314,0.8788609983905218,0.31023371681178746
2,0.2,replacement,2,1000,0.01,13,7,0.49792347346131294,0.23479850067065544,0.6998869023307476,0.3292163397750125
3,0.2,removal,1,800,0.05,25,4,0.8788428633524425,0.8794276971886177,0.8052079488850277,0.31086438314523235
3,0.0,replacement,2,800,0.1,25,8,0.225112030698432,0.28988272241417357,0.9191941441790641,0.4330177478969738
0,0.25,replacement,3,800,0.08,4,9,0.648752347382443,0.8251730290151515,0.9678142345500241,0.2217666420240203
3,0.25,removal,2,1000,0.01,10,9,0.7104083934031657,0.4805032420130704,0.7346202490407084,0.4530677876901765
2,0.25,replacement,2,800,0.05,10,9,0.8765313056499797,0.9062644115434499,0.9608264896924104,0.2916610483993539
1,0.1,removal,2,800,0.1,7,10,0.5641020152857059,0.6794276769550285,0.9496712055411408,0.3189622056122585
0,0.25,replacement,2,1000,0.05,10,9,0.09155012693857167,0.31046785757737627,0.8005750785484033,0.3665678959391787
2,0.1,removal,1,1000,0.01,10,8,0.939992600529391,0.2712169583390063,0.6919817041580458,0.3256089378396132
0,0.25,removal,3,600,0.1,13,4,0.07995216300888308,0.5747509223736831,0.7192110893981204,0.28239349952935267
3,0.0,replacement,2,800,0.08,10,10,0.8425972218626949,0.5540187346109735,0.9480338262960134,0.4292028703087496
1,0.1,replacement,2,600,0.01,13,5,0.05334224209529115,0.6571728863149291,0.43328682024022,0.2769060996142789
0,0.1,replacement,2,600,0.01,13,9,0.44126947250261495,0.2956934269814542,0.5945073941631884,0.33667331706230486
1,0.1,removal,1,800,0.1,4,5,0.9235831601049034,0.7620187970776928,0.9084174859976204,0.20465093346233865
0,0.25,replacement,1,600,0.1,13,10,0.7383001209054767,0.5050169842319507,0.9627470928486792,0.1598687506174371
0,0.25,replacement,3,600,0.1,25,6,0.16530583006128907,0.984818088370971,0.7956730087314621,0.274079291449724
0,0.0,replacement,3,800,0.05,13,5,0.14165984614701954,0.45067534525664255,0.7438739272446502,0.2834022494358024
2,0.0,replacement,2,800,0.1,25,7,0.8940529395388661,0.22990861845595556,0.9264234606696902,0.2275654806041797
1,0.1,removal,2,1000,0.08,10,7,0.5080854214847892,0.9913547580330888,0.9418018255223451,0.31538659106638844
2,0.1,removal,1,600,0.01,7,6,0.915431182744924,0.8439812001736122,0.632028531131961,0.3118874749700563
2,0.2,replacement,1,1000,0.05,13,5,0.7607338483060044,0.0005247761971902687,0.10745239015509578,0.03376996839781066
2,0.1,replacement,3,800,0.05,13,5,0.8101128113497027,0.5041010271891941,0.9020147512266842,0.3419871338434698
2,0.25,replacement,1,1000,0.05,7,6,0.6442122517445541,0.8905755121814307,0.941783116814471,0.22631961459431338
2,0.0,removal,1,1000,0.05,4,10,0.5583538914509505,0.6279127473381882,0.9285196121966602,0.22636762742869154
1,0.0,replacement,1,1000,0.1,25,7,0.5800053159503626,0.005716517806154009,0.561195152314897,0.20505294269969832
3,0.25,replacement,1,1000,0.1,4,7,0.8097489866959056,0.5710306849769953,0.9903941344164875,0.3578995610553195
0,0.1,replacement,1,1000,0.1,13,9,0.3483583856250998,0.372713042024047,0.9620462689954234,0.17150445536748538
2,0.25,replacement,2,1000,0.05,7,8,0.9907542334720103,0.11548301124455951,0.9392733171774358,0.2621445618005357
0,0.2,removal,2,1000,0.01,13,8,0.49595629818117115,0.4438800590978209,0.6520656845769355,0.43014867955733527
0,0.25,replacement,1,800,0.1,7,4,0.046937534061681996,0.33429945587188103,0.6599088170008798,0.1893017421552593
1,0.1,replacement,3,600,0.05,7,9,0.3977161849183981,0.7845707008181118,0.9095251256402396,0.3166063169115564
1,0.25,replacement,3,1000,0.08,10,9,0.5035244337104168,0.11233924072294688,0.9431654743725125,0.3044101061911638
0,0.0,removal,1,1000,0.1,4,10,0.20362009261805514,0.18682802232253848,0.8819570034023432,0.1658917655563038
2,0.1,removal,2,600,0.08,7,4,0.09533926954261918,0.2156272731098352,0.6986324412565985,0.33461623944653274
1,0.2,replacement,2,1000,0.01,7,4,0.29312447599999913,0.4650671778476314,0.5530543862438584,0.3095264293746508
2,0.25,removal,3,800,0.05,4,6,0.6601300764184324,0.5849783817723686,0.8803939432117274,0.3165306341029307
3,0.25,replacement,3,800,0.01,13,9,0.540290593193862,0.944978300570221,0.7452964696499498,0.3535682695927854
1,0.0,removal,3,800,0.1,7,5,0.4655443596159996,0.6128043579762164,0.8971542093036228,0.26643370985051185
3,0.1,replacement,2,1000,0.05,10,6,0.5771318030039749,0.6454364161363357,0.9540631137562969,0.3663413114376801
1,0.1,replacement,1,600,0.01,7,5,0.1837693976650272,0.41073020305419816,0.5054204905779551,0.3020205018852721
2,0.1,replacement,3,800,0.08,10,7,0.37900943464571113,0.5930431725029179,0.960161415054897,0.32186590968723927
1,0.1,removal,3,600,0.05,13,10,0.17485919198703037,0.9270834621581494,0.8674862382901972,0.2858204625232732
3,0.25,removal,1,1000,0.01,7,6,0.762422112645269,0.35400510570010213,0.6855042418794635,0.352436819712441
0,0.25,replacement,1,600,0.08,10,6,0.9427340711574679,0.2930272786047614,0.9193142018407976,0.17649634569294725
2,0.25,replacement,2,800,0.1,4,8,0.9568763817910637,0.7051929529389829,0.9873512151823968,0.27185575816238894
1,0.0,removal,1,600,0.1,25,4,0.7914239491566679,0.3939389808951119,0.7928800680003005,0.2815414355605632
1,0.1,removal,2,600,0.1,4,9,0.03702538350657014,0.6575114866199023,0.8275438865847147,0.3607835851832393
0,0.0,removal,1,800,0.05,7,6,0.7466787081915034,0.2682734633881756,0.8199523451968402,0.1969013033643099
3,0.2,removal,2,1000,0.01,4,4,0.22675344778187978,0.05342677605535551,0.4491470019629178,0.39927348872920965
1,0.0,removal,2,600,0.1,7,6,0.893340558843551,0.42133823686177196,0.8980072890330087,0.3125461410568493
2,0.1,removal,3,600,0.05,7,10,0.6569215885639166,0.6219527667641322,0.8848986515156407,0.32163191148224946
1,0.25,removal,3,600,0.01,13,8,0.8454222620874703,0.9067150312477186,0.6682614795245663,0.28299563996713606
2,0.25,removal,1,600,0.08,7,7,0.2879362391570768,0.792637263013221,0.915973473246033,0.24410606864437723
0,0.25,replacement,1,600,0.1,25,7,0.7634986725402972,0.26110591953720474,0.9333703116116534,0.15755804897599113
0,0.1,removal,3,1000,0.01,25,10,0.4136291113978743,0.11197269658478559,0.5938652479453295,0.31882633954728323
3,0.0,removal,2,800,0.1,10,10,0.6417991106889982,0.9866797151522297,0.9641153335474338,0.3880086355647626
2,0.1,removal,3,800,0.1,25,9,0.25819040193142784,0.9695932235141176,0.9457428871682659,0.30920518055818347
2,0.1,replacement,3,1000,0.05,13,8,0.4128079316258193,0.5952953621795329,0.9553241136171122,0.34442891983308155
0,0.2,replacement,2,800,0.08,13,10,0.784657509352704,0.13470718526690395,0.9453255943280142,0.34293947909438083
0,0.25,removal,1,800,0.05,4,8,0.4304987001289815,0.6343766412069112,0.87857376155737,0.13181573116377554
0,0.2,replacement,3,1000,0.01,10,8,0.22157605574076755,0.36240952107726354,0.6578118505986918,0.29585223994836185
2,0.0,replacement,3,800,0.05,4,9,0.2728121995121362,0.4129098935601383,0.8805030501470794,0.34834855359474015
1,0.25,replacement,1,800,0.01,25,6,0.729945166277792,0.43611016476919806,0.6225366097353235,0.3264849924758152
3,0.0,removal,2,1000,0.1,7,9,0.6641924148444345,0.9641221452704345,0.970841963364922,0.3625610845163765
0,0.1,removal,3,800,0.1,25,5,0.24419147606924385,0.8111886606579086,0.8602046168185031,0.16131034069499006
3,0.0,replacement,1,800,0.1,7,4,0.12356297822126194,0.5787015585071378,0.8270882087501559,0.3147505999533273
1,0.0,replacement,2,600,0.01,10,4,0.32091741058909196,0.06974312404294714,0.37739933016897165,0.27686837302950607
3,0.2,replacement,2,800,0.08,7,8,0.013912898565082932,0.7983633570703563,0.6821376418239193,0.37399923042791317
0,0.1,removal,1,1000,0.01,13,8,0.3861177853743416,0.18140191535091832,0.6250614280503699,0.22745392704597234
2,0.0,replacement,1,800,0.1,7,7,0.19651100137551358,0.5071540331325488,0.9224494709751453,0.22415690231876673
2,0.25,removal,1,800,0.1,10,10,0.6493473381183821,0.6869032041483711,0.9610479253990208,0.204265148128689
3,0.25,replacement,2,800,0.1,13,6,0.5001464445212656,0.6290783988407973,0.9657101427653622,0.38621186710239175
2,0.1,removal,3,1000,0.1,10,9,0.6920888944905175,0.08727142924660325,0.9020515688268359,0.3107000642564006
2,0.0,replacement,2,1000,0.01,10,9,0.8081104206928926,0.7144629737959443,0.7294776490868173,0.3498571485513732
3,0.25,removal,2,1000,0.08,7,9,0.2014348577214211,0.7128709054848121,0.950935921579972,0.37940435836562836
1,0.25,replacement,1,800,0.05,25,4,0.1923387758064372,0.8466453923494566,0.697448688066844,0.3088367143829097
1,0.0,removal,2,1000,0.08,7,10,0.6820647371893964,0.8964325345947792,0.9516811284443515,0.3241124428425948
3,0.0,replacement,3,800,0.08,4,6,0.5151592645322554,0.5665341484929476,0.9231083704978396,0.3726700160697469
1,0.1,replacement,3,600,0.05,4,9,0.24090485780589543,0.32308849286860575,0.8544996707615251,0.3264584919974838
0,0.0,removal,1,1000,0.08,10,7,0.6007513803211775,0.3673913404731688,0.9072785812915752,0.1266377209223839
0,0.2,removal,1,1000,0.01,7,5,0.4469972104460582,0.24677244826629274,0.569675496029478,0.22432670719256853
1,0.2,removal,3,1000,0.01,7,10,0.5884747430760244,0.14445011228083948,0.6578053448479315,0.3252359416642483
2,0.0,replacement,1,1000,0.08,10,5,0.3570848550480574,0.5694550631875916,0.9038057037695163,0.23261691606439794
2,0.1,removal,1,800,0.01,13,8,0.9298207724713576,0.5430978758796137,0.6951357741508422,0.3141568396292601
2,0.1,replacement,3,1000,0.05,25,5,0.8452370767080521,0.20402041422223793,0.9006702041166553,0.347592835906797
2,0.25,replacement,1,1000,0.01,13,8,0.9624938185219705,0.9217260474873867,0.764253236504509,0.3102596504477091
2,0.0,replacement,2,600,0.05,10,5,0.7903706637785739,0.38309766658873357,0.7913122791614733,0.32429455587096245
0,0.1,removal,1,1000,0.08,13,8,0.8519486994279077,0.9284743105044762,0.9367296854742875,0.08545827491442348
2,0.0,replacement,1,800,0.05,10,6,0.30551301578776124,0.8036705156211577,0.8794847537293133,0.2540021774349208
